Date,Aircraft_ID,Route,Region,Ticket_Class,Tickets_Sold,Total_Sales,Profit
2022-09-01,QA1005,DOH–BKK,Asia,Economy,132,61248,17122
2022-09-01,QA1005,DOH–BKK,Asia,Business,100,202800,73201
2021-01-01,QA1004,DOH–RUH,Middle East,Economy,53,27083,9292
2021-01-01,QA1004,DOH–RUH,Middle East,Business,88,193600,63875
2024-03-01,QA1004,DOH–RUH,Middle East,Economy,72,38376,9830
2024-03-01,QA1004,DOH–RUH,Middle East,Business,245,728875,156431
2023-02-01,QA1009,DOH–BKK,Asia,Economy,59,24839,9007
2023-02-01,QA1009,DOH–BKK,Asia,Business,297,535491,192162
2023-01-01,QA1018,DOH–DEL,Asia,Economy,168,76776,19370
2023-01-01,QA1018,DOH–DEL,Asia,Business,198,297990,102658
2021-11-01,QA1004,DOH–RUH,Middle East,Economy,190,82840,19521
2021-11-01,QA1004,DOH–RUH,Middle East,Business,248,378944,97538
2021-04-01,QA1009,DOH–LHR,Europe,Economy,134,56682,17751
2021-04-01,QA1009,DOH–LHR,Europe,Business,223,332493,82878
2023-11-01,QA1009,DOH–ORD,North America,Economy,232,124816,42661
2023-11-01,QA1009,DOH–ORD,North America,Business,186,211110,76630
2024-02-01,QA1010,DOH–DEL,Asia,Economy,68,36856,7906
2024-02-01,QA1010,DOH–DEL,Asia,Business,242,474562,172219
2023-01-01,QA1011,DOH–ORD,North America,Economy,156,69264,25757
2023-01-01,QA1011,DOH–ORD,North America,Business,114,329688,78341
2022-07-01,QA1006,DOH–BKK,Asia,Economy,102,48144,12770
2022-07-01,QA1006,DOH–BKK,Asia,Business,288,628992,153433
2022-04-01,QA1015,DOH–CAI,Africa,Economy,57,23541,7575
2022-04-01,QA1015,DOH–CAI,Africa,Business,256,330240,93776
2023-08-01,QA1001,DOH–CAI,Africa,Economy,265,152110,57466
2023-08-01,QA1001,DOH–CAI,Africa,Business,183,388143,85447
2021-07-01,QA1006,DOH–NBO,Africa,Economy,62,28644,9144
2021-07-01,QA1006,DOH–NBO,Africa,Business,134,370376,101329
2024-09-01,QA1012,DOH–BOM,Asia,Economy,126,68922,16295
2024-09-01,QA1012,DOH–BOM,Asia,Business,184,461656,121366
2024-10-01,QA1014,DOH–BOM,Asia,Economy,69,41124,8825
2024-10-01,QA1014,DOH–BOM,Asia,Business,168,307272,114461
2023-05-01,QA1017,DOH–LHR,Europe,Economy,121,49368,10236
2023-05-01,QA1017,DOH–LHR,Europe,Business,91,112385,43046
2024-11-01,QA1017,DOH–LHR,Europe,Economy,258,132612,28792
2024-11-01,QA1017,DOH–LHR,Europe,Business,144,268416,74025
2021-08-01,QA1009,DOH–CAI,Africa,Economy,272,156128,44844
2021-08-01,QA1009,DOH–CAI,Africa,Business,115,234485,61642
2021-06-01,QA1015,DOH–BKK,Asia,Economy,63,26208,5743
2021-06-01,QA1015,DOH–BKK,Asia,Business,231,571263,221995
2023-06-01,QA1015,DOH–BOM,Asia,Economy,154,79464,16605
2023-06-01,QA1015,DOH–BOM,Asia,Business,84,102564,33005
2022-11-01,QA1003,DOH–CDG,Europe,Economy,262,125760,32079
2022-11-01,QA1003,DOH–CDG,Europe,Business,243,533871,180276
2021-03-01,QA1017,DOH–BKK,Asia,Economy,214,118770,42816
2021-03-01,QA1017,DOH–BKK,Asia,Business,72,85608,26911
2023-05-01,QA1015,DOH–ORD,North America,Economy,249,129729,42541
2023-05-01,QA1015,DOH–ORD,North America,Business,211,574553,164053
2024-01-01,QA1020,DOH–ORD,North America,Economy,113,63619,20272
2024-01-01,QA1020,DOH–ORD,North America,Business,202,213514,79185
2021-07-01,QA1016,DOH–LHR,Europe,Economy,273,141414,56034
2021-07-01,QA1016,DOH–LHR,Europe,Business,190,505210,158088
2024-06-01,QA1017,DOH–CAI,Africa,Economy,290,163270,62362
2024-06-01,QA1017,DOH–CAI,Africa,Business,271,762323,270731
2024-09-01,QA1004,DOH–CDG,Europe,Economy,55,25850,8798
2024-09-01,QA1004,DOH–CDG,Europe,Business,58,118552,29611
2023-10-01,QA1004,DOH–NBO,Africa,Economy,247,120783,39045
2023-10-01,QA1004,DOH–NBO,Africa,Business,287,385728,130659
2022-02-01,QA1016,DOH–LHR,Europe,Economy,256,149248,53927
2022-02-01,QA1016,DOH–LHR,Europe,Business,86,133644,46180
2024-07-01,QA1007,DOH–DXB,Middle East,Economy,199,108057,31913
2024-07-01,QA1007,DOH–DXB,Middle East,Business,51,128928,37000
2023-10-01,QA1010,DOH–CAI,Africa,Economy,204,108936,26331
2023-10-01,QA1010,DOH–CAI,Africa,Business,189,253071,83356
2021-05-01,QA1009,DOH–CDG,Europe,Economy,183,87657,27548
2021-05-01,QA1009,DOH–CDG,Europe,Business,239,409885,110988
2021-10-01,QA1004,DOH–RUH,Middle East,Economy,268,130516,35808
2021-10-01,QA1004,DOH–RUH,Middle East,Business,68,140148,48728
2022-01-01,QA1003,DOH–ORD,North America,Economy,158,93852,33353
2022-01-01,QA1003,DOH–ORD,North America,Business,259,552965,174555
2024-06-01,QA1015,DOH–DEL,Asia,Economy,285,122265,40612
2024-06-01,QA1015,DOH–DEL,Asia,Business,281,447914,152868
2023-10-01,QA1004,DOH–NBO,Africa,Economy,111,53169,18238
2023-10-01,QA1004,DOH–NBO,Africa,Business,76,151012,57596
2021-06-01,QA1007,DOH–JFK,North America,Economy,62,32550,10506
2021-06-01,QA1007,DOH–JFK,North America,Business,184,528816,115908
2023-06-01,QA1015,DOH–CDG,Europe,Economy,182,106470,30428
2023-06-01,QA1015,DOH–CDG,Europe,Business,95,170810,44890
2023-12-01,QA1014,DOH–DEL,Asia,Economy,259,136234,30666
2023-12-01,QA1014,DOH–DEL,Asia,Business,123,247353,82071
2021-04-01,QA1011,DOH–LHR,Europe,Economy,208,86112,26266
2021-04-01,QA1011,DOH–LHR,Europe,Business,63,122472,29963
2022-07-01,QA1002,DOH–NBO,Africa,Economy,248,147064,43953
2022-07-01,QA1002,DOH–NBO,Africa,Business,90,198180,60544
2022-04-01,QA1015,DOH–DXB,Middle East,Economy,189,100926,25063
2022-04-01,QA1015,DOH–DXB,Middle East,Business,79,91640,34128
2022-09-01,QA1001,DOH–DEL,Asia,Economy,231,136752,28479
2022-09-01,QA1001,DOH–DEL,Asia,Business,192,476736,119490
2024-04-01,QA1009,DOH–LHR,Europe,Economy,282,166662,44131
2024-04-01,QA1009,DOH–LHR,Europe,Business,184,248768,92012
2022-04-01,QA1003,DOH–RUH,Middle East,Economy,285,129960,48979
2022-04-01,QA1003,DOH–RUH,Middle East,Business,289,859486,297783
2021-04-01,QA1003,DOH–LHR,Europe,Economy,257,107426,37109
2021-04-01,QA1003,DOH–LHR,Europe,Business,177,284439,57506
2024-07-01,QA1010,DOH–BKK,Asia,Economy,196,81928,21064
2024-07-01,QA1010,DOH–BKK,Asia,Business,294,463932,161193
2021-06-01,QA1015,DOH–CAI,Africa,Economy,85,37400,7946
2021-06-01,QA1015,DOH–CAI,Africa,Business,295,679975,234596
2021-09-01,QA1019,DOH–CAI,Africa,Economy,121,67881,24006
2021-09-01,QA1019,DOH–CAI,Africa,Business,205,533615,170985
2024-04-01,QA1004,DOH–DXB,Middle East,Economy,250,103750,39869
2024-04-01,QA1004,DOH–DXB,Middle East,Business,51,112149,39973
2024-06-01,QA1018,DOH–CAI,Africa,Economy,104,45760,9373
2024-06-01,QA1018,DOH–CAI,Africa,Business,95,218880,47056
2024-03-01,QA1012,DOH–CDG,Europe,Economy,195,93405,20066
2024-03-01,QA1012,DOH–CDG,Europe,Business,52,113724,22997
2024-05-01,QA1011,DOH–ORD,North America,Economy,162,79704,26657
2024-05-01,QA1011,DOH–ORD,North America,Business,220,394020,85157
2022-12-01,QA1007,DOH–CDG,Europe,Economy,216,96120,19245
2022-12-01,QA1007,DOH–CDG,Europe,Business,57,57627,13560
2023-10-01,QA1007,DOH–BKK,Asia,Economy,95,50920,18136
2023-10-01,QA1007,DOH–BKK,Asia,Business,110,200750,51688
2024-09-01,QA1008,DOH–CDG,Europe,Economy,283,122822,28639
2024-09-01,QA1008,DOH–CDG,Europe,Business,223,229021,53194
2024-08-01,QA1001,DOH–DEL,Asia,Economy,133,72751,21898
2024-08-01,QA1001,DOH–DEL,Asia,Business,216,577368,189797
2024-08-01,QA1010,DOH–BOM,Asia,Economy,269,135845,35508
2024-08-01,QA1010,DOH–BOM,Asia,Business,257,573624,218847
2022-12-01,QA1013,DOH–BKK,Asia,Economy,228,96900,26210
2022-12-01,QA1013,DOH–BKK,Asia,Business,123,191880,47990
2024-10-01,QA1001,DOH–CDG,Europe,Economy,133,65436,15134
2024-10-01,QA1001,DOH–CDG,Europe,Business,297,854766,223469
2022-04-01,QA1005,DOH–DXB,Middle East,Economy,151,77010,17510
2022-04-01,QA1005,DOH–DXB,Middle East,Business,295,795615,301234
2023-10-01,QA1009,DOH–RUH,Middle East,Economy,242,118580,26513
2023-10-01,QA1009,DOH–RUH,Middle East,Business,249,459654,95198
2024-12-01,QA1003,DOH–BKK,Asia,Economy,189,76545,21217
2024-12-01,QA1003,DOH–BKK,Asia,Business,59,118885,27659
2024-06-01,QA1008,DOH–CAI,Africa,Economy,120,68880,20755
2024-06-01,QA1008,DOH–CAI,Africa,Business,60,111240,35948
2022-02-01,QA1005,DOH–BOM,Asia,Economy,255,124185,45270
2022-02-01,QA1005,DOH–BOM,Asia,Business,51,139587,54614
2024-01-01,QA1018,DOH–CAI,Africa,Economy,55,22275,7509
2024-01-01,QA1018,DOH–CAI,Africa,Business,266,543704,205451
2022-03-01,QA1007,DOH–BOM,Asia,Economy,114,64524,24425
2022-03-01,QA1007,DOH–BOM,Asia,Business,201,228537,79237
2021-11-01,QA1018,DOH–DXB,Middle East,Economy,121,68970,25651
2021-11-01,QA1018,DOH–DXB,Middle East,Business,297,347193,131039
2022-08-01,QA1017,DOH–DEL,Asia,Economy,209,100738,30819
2022-08-01,QA1017,DOH–DEL,Asia,Business,104,110240,33931
2021-10-01,QA1011,DOH–CAI,Africa,Economy,215,111585,27364
2021-10-01,QA1011,DOH–CAI,Africa,Business,148,311836,79235
2021-04-01,QA1003,DOH–ORD,North America,Economy,206,107326,33198
2021-04-01,QA1003,DOH–ORD,North America,Business,137,262218,92695
2024-07-01,QA1014,DOH–ORD,North America,Economy,240,134880,45066
2024-07-01,QA1014,DOH–ORD,North America,Business,212,386052,123199
2021-05-01,QA1017,DOH–JFK,North America,Economy,135,72360,18534
2021-05-01,QA1017,DOH–JFK,North America,Business,200,429200,100830
2022-04-01,QA1018,DOH–CAI,Africa,Economy,270,146340,29606
2022-04-01,QA1018,DOH–CAI,Africa,Business,150,191850,39484
2023-12-01,QA1004,DOH–BOM,Asia,Economy,154,80850,17206
2023-12-01,QA1004,DOH–BOM,Asia,Business,221,603109,226522
2024-01-01,QA1010,DOH–CAI,Africa,Economy,238,132328,51472
2024-01-01,QA1010,DOH–CAI,Africa,Business,188,487484,175998
2021-10-01,QA1015,DOH–RUH,Middle East,Economy,208,106080,27507
2021-10-01,QA1015,DOH–RUH,Middle East,Business,260,494520,183984
2021-07-01,QA1007,DOH–BKK,Asia,Economy,83,42579,16600
2021-07-01,QA1007,DOH–BKK,Asia,Business,223,328256,86626
2021-05-01,QA1015,DOH–NBO,Africa,Economy,104,42952,14801
2021-05-01,QA1015,DOH–NBO,Africa,Business,76,100852,35400
2021-08-01,QA1005,DOH–DXB,Middle East,Economy,80,34160,9606
2021-08-01,QA1005,DOH–DXB,Middle East,Business,164,310944,100613
2024-03-01,QA1001,DOH–ORD,North America,Economy,134,73834,22017
2024-03-01,QA1001,DOH–ORD,North America,Business,280,486920,168740
2021-01-01,QA1018,DOH–BKK,Asia,Economy,169,84669,21972
2021-01-01,QA1018,DOH–BKK,Asia,Business,238,373184,146464
2024-09-01,QA1009,DOH–RUH,Middle East,Economy,249,105327,31687
2024-09-01,QA1009,DOH–RUH,Middle East,Business,105,126630,35187
2021-05-01,QA1019,DOH–BKK,Asia,Economy,202,109888,24506
2021-05-01,QA1019,DOH–BKK,Asia,Business,160,160320,57181
2022-09-01,QA1008,DOH–LHR,Europe,Economy,177,73278,20254
2022-09-01,QA1008,DOH–LHR,Europe,Business,221,385203,84989
2023-07-01,QA1005,DOH–CDG,Europe,Economy,95,47310,14704
2023-07-01,QA1005,DOH–CDG,Europe,Business,262,730194,199183
2023-06-01,QA1017,DOH–BKK,Asia,Economy,248,132432,52244
2023-06-01,QA1017,DOH–BKK,Asia,Business,180,360900,103631
2024-04-01,QA1017,DOH–NBO,Africa,Economy,52,29692,8605
2024-04-01,QA1017,DOH–NBO,Africa,Business,193,366314,95257
2022-07-01,QA1007,DOH–CDG,Europe,Economy,120,65040,13789
2022-07-01,QA1007,DOH–CDG,Europe,Business,259,320642,89005
2021-04-01,QA1002,DOH–BOM,Asia,Economy,129,75723,20867
2021-04-01,QA1002,DOH–BOM,Asia,Business,294,478632,184068
2022-07-01,QA1019,DOH–CDG,Europe,Economy,190,91010,32521
2022-07-01,QA1019,DOH–CDG,Europe,Business,232,253576,63203
2023-09-01,QA1002,DOH–LHR,Europe,Economy,151,75802,16290
2023-09-01,QA1002,DOH–LHR,Europe,Business,232,586032,127951
2021-12-01,QA1014,DOH–ORD,North America,Economy,276,134412,33783
2021-12-01,QA1014,DOH–ORD,North America,Business,98,99862,21963
2024-09-01,QA1001,DOH–RUH,Middle East,Economy,217,96782,28731
2024-09-01,QA1001,DOH–RUH,Middle East,Business,94,263200,99889
2021-03-01,QA1008,DOH–DEL,Asia,Economy,126,53676,21323
2021-03-01,QA1008,DOH–DEL,Asia,Business,197,235612,80405
2021-11-01,QA1007,DOH–CAI,Africa,Economy,248,106144,41063
2021-11-01,QA1007,DOH–CAI,Africa,Business,200,241800,80611
2023-12-01,QA1018,DOH–BOM,Asia,Economy,133,54530,13512
2023-12-01,QA1018,DOH–BOM,Asia,Business,291,293910,75532
2021-06-01,QA1016,DOH–JFK,North America,Economy,294,127302,28853
2021-06-01,QA1016,DOH–JFK,North America,Business,174,331470,78542
2021-09-01,QA1007,DOH–NBO,Africa,Economy,197,108350,34490
2021-09-01,QA1007,DOH–NBO,Africa,Business,278,448970,105467
2023-07-01,QA1018,DOH–DXB,Middle East,Economy,243,117369,25242
2023-07-01,QA1018,DOH–DXB,Middle East,Business,66,162954,45384
2023-06-01,QA1007,DOH–ORD,North America,Economy,162,83430,29783
2023-06-01,QA1007,DOH–ORD,North America,Business,143,329329,125295
2023-05-01,QA1006,DOH–CAI,Africa,Economy,182,76076,26728
2023-05-01,QA1006,DOH–CAI,Africa,Business,151,362551,102190
2023-05-01,QA1007,DOH–LHR,Europe,Economy,107,61525,14501
2023-05-01,QA1007,DOH–LHR,Europe,Business,129,348042,87122
2021-08-01,QA1012,DOH–DEL,Asia,Economy,203,115101,24993
2021-08-01,QA1012,DOH–DEL,Asia,Business,241,364874,92840
2021-01-01,QA1008,DOH–LHR,Europe,Economy,248,135656,45866
2021-01-01,QA1008,DOH–LHR,Europe,Business,111,317460,66397
2023-04-01,QA1003,DOH–NBO,Africa,Economy,206,115154,44950
2023-04-01,QA1003,DOH–NBO,Africa,Business,106,193238,60123
2024-09-01,QA1014,DOH–DEL,Asia,Economy,190,112480,31254
2024-09-01,QA1014,DOH–DEL,Asia,Business,170,385390,130398
2023-05-01,QA1018,DOH–JFK,North America,Economy,205,89585,26231
2023-05-01,QA1018,DOH–JFK,North America,Business,118,306918,96679
2024-04-01,QA1005,DOH–DEL,Asia,Economy,214,91806,34198
2024-04-01,QA1005,DOH–DEL,Asia,Business,288,756288,258159
2022-11-01,QA1005,DOH–LHR,Europe,Economy,190,83980,23050
2022-11-01,QA1005,DOH–LHR,Europe,Business,228,276336,67488
2023-06-01,QA1011,DOH–BOM,Asia,Economy,125,71625,20870
2023-06-01,QA1011,DOH–BOM,Asia,Business,218,590998,189783
2023-08-01,QA1012,DOH–CAI,Africa,Economy,67,38190,9476
2023-08-01,QA1012,DOH–CAI,Africa,Business,182,308672,63159
2023-01-01,QA1010,DOH–DEL,Asia,Economy,253,141427,31026
2023-01-01,QA1010,DOH–DEL,Asia,Business,233,292881,62574
2023-03-01,QA1011,DOH–BOM,Asia,Economy,219,88914,25453
2023-03-01,QA1011,DOH–BOM,Asia,Business,266,556738,132374
2021-08-01,QA1020,DOH–LHR,Europe,Economy,223,91653,20982
2021-08-01,QA1020,DOH–LHR,Europe,Business,170,359720,114912
2023-10-01,QA1017,DOH–JFK,North America,Economy,123,59409,23289
2023-10-01,QA1017,DOH–JFK,North America,Business,185,265660,97815
2022-10-01,QA1018,DOH–DEL,Asia,Economy,281,167476,40609
2022-10-01,QA1018,DOH–DEL,Asia,Business,108,114696,39621
2021-07-01,QA1002,DOH–JFK,North America,Economy,123,68265,15414
2021-07-01,QA1002,DOH–JFK,North America,Business,247,560196,149618
2023-10-01,QA1001,DOH–RUH,Middle East,Economy,143,74217,24098
2023-10-01,QA1001,DOH–RUH,Middle East,Business,183,214293,78075
2022-03-01,QA1008,DOH–BKK,Asia,Economy,156,69888,16664
2022-03-01,QA1008,DOH–BKK,Asia,Business,123,182409,47782
2024-02-01,QA1014,DOH–BKK,Asia,Economy,73,35332,12340
2024-02-01,QA1014,DOH–BKK,Asia,Business,273,789516,293957
2022-01-01,QA1011,DOH–CDG,Europe,Economy,96,54336,19112
2022-01-01,QA1011,DOH–CDG,Europe,Business,182,422786,139197
2021-09-01,QA1013,DOH–RUH,Middle East,Economy,250,112750,40351
2021-09-01,QA1013,DOH–RUH,Middle East,Business,239,613991,127803
2021-12-01,QA1010,DOH–DXB,Middle East,Economy,106,56286,16207
2021-12-01,QA1010,DOH–DXB,Middle East,Business,279,520893,160491
2022-08-01,QA1008,DOH–CAI,Africa,Economy,84,45360,9185
2022-08-01,QA1008,DOH–CAI,Africa,Business,160,256000,77511
2023-06-01,QA1004,DOH–JFK,North America,Economy,137,67404,18790
2023-06-01,QA1004,DOH–JFK,North America,Business,199,591627,212033
2022-03-01,QA1016,DOH–DEL,Asia,Economy,295,144550,44921
2022-03-01,QA1016,DOH–DEL,Asia,Business,207,308430,100860
2021-03-01,QA1007,DOH–BOM,Asia,Economy,187,76296,22505
2021-03-01,QA1007,DOH–BOM,Asia,Business,288,491616,115733
2024-07-01,QA1018,DOH–CDG,Europe,Economy,120,51240,18695
2024-07-01,QA1018,DOH–CDG,Europe,Business,184,391368,121139
2024-07-01,QA1005,DOH–RUH,Middle East,Economy,50,29650,6461
2024-07-01,QA1005,DOH–RUH,Middle East,Business,269,440891,170886
2021-10-01,QA1001,DOH–RUH,Middle East,Economy,153,88740,33761
2021-10-01,QA1001,DOH–RUH,Middle East,Business,101,195233,76555
2023-09-01,QA1006,DOH–DXB,Middle East,Economy,66,28050,6398
2023-09-01,QA1006,DOH–DXB,Middle East,Business,284,479960,132244
2023-04-01,QA1004,DOH–RUH,Middle East,Economy,148,72076,23771
2023-04-01,QA1004,DOH–RUH,Middle East,Business,251,347384,118455
2024-05-01,QA1004,DOH–ORD,North America,Economy,195,99645,21864
2024-05-01,QA1004,DOH–ORD,North America,Business,60,177480,62177
2023-07-01,QA1015,DOH–BKK,Asia,Economy,289,132073,34561
2023-07-01,QA1015,DOH–BKK,Asia,Business,53,112413,33438
2021-02-01,QA1010,DOH–ORD,North America,Economy,154,72842,20770
2021-02-01,QA1010,DOH–ORD,North America,Business,275,448250,126153
2022-02-01,QA1007,DOH–DXB,Middle East,Economy,231,92631,30049
2022-02-01,QA1007,DOH–DXB,Middle East,Business,211,571810,192950
2023-12-01,QA1003,DOH–JFK,North America,Economy,210,93870,29907
2023-12-01,QA1003,DOH–JFK,North America,Business,113,253911,64589
2024-04-01,QA1004,DOH–BOM,Asia,Economy,226,117746,42483
2024-04-01,QA1004,DOH–BOM,Asia,Business,259,623154,238460
2021-05-01,QA1020,DOH–DEL,Asia,Economy,277,120495,34547
2021-05-01,QA1020,DOH–DEL,Asia,Business,109,161320,54115
2024-01-01,QA1014,DOH–ORD,North America,Economy,153,80172,17447
2024-01-01,QA1014,DOH–ORD,North America,Business,98,208642,55448
2023-02-01,QA1001,DOH–DXB,Middle East,Economy,151,84258,21083
2023-02-01,QA1001,DOH–DXB,Middle East,Business,214,373644,104185
2023-09-01,QA1010,DOH–RUH,Middle East,Economy,186,77934,30340
2023-09-01,QA1010,DOH–RUH,Middle East,Business,170,293930,113113
2021-12-01,QA1002,DOH–NBO,Africa,Economy,224,112896,43241
2021-12-01,QA1002,DOH–NBO,Africa,Business,234,579150,121849
2022-09-01,QA1008,DOH–BOM,Asia,Economy,77,34958,8565
2022-09-01,QA1008,DOH–BOM,Asia,Business,154,165396,37115
2023-02-01,QA1020,DOH–LHR,Europe,Economy,276,128064,47101
2023-02-01,QA1020,DOH–LHR,Europe,Business,300,344700,111946
2023-08-01,QA1006,DOH–CAI,Africa,Economy,288,128160,45726
2023-08-01,QA1006,DOH–CAI,Africa,Business,276,365424,102928
2022-09-01,QA1003,DOH–JFK,North America,Economy,243,105705,26796
2022-09-01,QA1003,DOH–JFK,North America,Business,82,190568,66686
2021-06-01,QA1009,DOH–ORD,North America,Economy,203,98049,26686
2021-06-01,QA1009,DOH–ORD,North America,Business,53,92273,30726
2022-02-01,QA1018,DOH–ORD,North America,Economy,121,56991,20314
2022-02-01,QA1018,DOH–ORD,North America,Business,174,386802,136164
2024-12-01,QA1015,DOH–DXB,Middle East,Economy,179,100061,32111
2024-12-01,QA1015,DOH–DXB,Middle East,Business,299,705939,174567
2022-07-01,QA1015,DOH–ORD,North America,Economy,291,143172,47710
2022-07-01,QA1015,DOH–ORD,North America,Business,230,304750,69414
2023-02-01,QA1002,DOH–ORD,North America,Economy,180,100620,24219
2023-02-01,QA1002,DOH–ORD,North America,Business,229,422734,160293
2021-02-01,QA1003,DOH–CDG,Europe,Economy,170,83640,30410
2021-02-01,QA1003,DOH–CDG,Europe,Business,192,532224,140194
2021-04-01,QA1012,DOH–ORD,North America,Economy,182,91728,21865
2021-04-01,QA1012,DOH–ORD,North America,Business,193,483465,146251
2024-12-01,QA1017,DOH–BKK,Asia,Economy,140,70280,25925
2024-12-01,QA1017,DOH–BKK,Asia,Business,269,792743,205824
2023-07-01,QA1006,DOH–LHR,Europe,Economy,264,149160,57951
2023-07-01,QA1006,DOH–LHR,Europe,Business,297,671814,226485
2022-08-01,QA1013,DOH–CAI,Africa,Economy,264,131208,34986
2022-08-01,QA1013,DOH–CAI,Africa,Business,186,449190,146117
2021-06-01,QA1011,DOH–NBO,Africa,Economy,67,36515,11570
2021-06-01,QA1011,DOH–NBO,Africa,Business,286,455312,149632
2022-12-01,QA1016,DOH–BOM,Asia,Economy,231,109494,32235
2022-12-01,QA1016,DOH–BOM,Asia,Business,218,523854,172896
2022-10-01,QA1020,DOH–CDG,Europe,Economy,247,99541,23467
2022-10-01,QA1020,DOH–CDG,Europe,Business,219,294774,80060
2024-02-01,QA1019,DOH–CAI,Africa,Economy,68,36380,11284
2024-02-01,QA1019,DOH–CAI,Africa,Business,295,769065,273782
2022-09-01,QA1019,DOH–BKK,Asia,Economy,287,154693,60291
2022-09-01,QA1019,DOH–BKK,Asia,Business,151,202944,71071
2021-10-01,QA1006,DOH–ORD,North America,Economy,224,109536,35815
2021-10-01,QA1006,DOH–ORD,North America,Business,122,350262,94498
2021-12-01,QA1005,DOH–ORD,North America,Economy,187,90321,22110
2021-12-01,QA1005,DOH–ORD,North America,Business,271,701348,176926
2022-05-01,QA1015,DOH–CDG,Europe,Economy,78,32604,11603
2022-05-01,QA1015,DOH–CDG,Europe,Business,229,275029,99813
2022-10-01,QA1006,DOH–CAI,Africa,Economy,187,107525,36348
2022-10-01,QA1006,DOH–CAI,Africa,Business,127,180594,36301
2022-01-01,QA1011,DOH–LHR,Europe,Economy,132,72468,27713
2022-01-01,QA1011,DOH–LHR,Europe,Business,66,137016,46156
2024-01-01,QA1019,DOH–DEL,Asia,Economy,127,69596,15749
2024-01-01,QA1019,DOH–DEL,Asia,Business,258,631842,186384
2024-11-01,QA1004,DOH–CDG,Europe,Economy,140,83160,25493
2024-11-01,QA1004,DOH–CDG,Europe,Business,121,224092,64294
2023-09-01,QA1014,DOH–RUH,Middle East,Economy,227,126893,28124
2023-09-01,QA1014,DOH–RUH,Middle East,Business,169,444808,151057
2024-08-01,QA1006,DOH–BOM,Asia,Economy,124,61008,23208
2024-08-01,QA1006,DOH–BOM,Asia,Business,285,607335,175253
2022-09-01,QA1017,DOH–BKK,Asia,Economy,107,63772,16164
2022-09-01,QA1017,DOH–BKK,Asia,Business,121,134068,32180
2022-05-01,QA1009,DOH–DXB,Middle East,Economy,282,168918,60326
2022-05-01,QA1009,DOH–DXB,Middle East,Business,74,179228,69718
2021-01-01,QA1018,DOH–JFK,North America,Economy,90,45090,17800
2021-01-01,QA1018,DOH–JFK,North America,Business,125,160125,44291
2022-02-01,QA1017,DOH–BKK,Asia,Economy,280,138040,50500
2022-02-01,QA1017,DOH–BKK,Asia,Business,79,103490,40747
2021-09-01,QA1007,DOH–NBO,Africa,Economy,283,144047,37466
2021-09-01,QA1007,DOH–NBO,Africa,Business,138,230184,70489
2021-11-01,QA1010,DOH–DEL,Asia,Economy,162,66420,22454
2021-11-01,QA1010,DOH–DEL,Asia,Business,75,191250,73018
2022-02-01,QA1015,DOH–CAI,Africa,Economy,287,122549,47626
2022-02-01,QA1015,DOH–CAI,Africa,Business,187,438328,147594
2024-12-01,QA1003,DOH–LHR,Europe,Economy,71,32518,11973
2024-12-01,QA1003,DOH–LHR,Europe,Business,252,396144,129728
2022-11-01,QA1008,DOH–BKK,Asia,Economy,72,29376,10728
2022-11-01,QA1008,DOH–BKK,Asia,Business,201,596367,148249
2022-02-01,QA1002,DOH–RUH,Middle East,Economy,221,132379,52709
2022-02-01,QA1002,DOH–RUH,Middle East,Business,236,311284,117762
2021-02-01,QA1008,DOH–ORD,North America,Economy,273,130494,37410
2021-02-01,QA1008,DOH–ORD,North America,Business,170,426530,142048
2023-03-01,QA1010,DOH–JFK,North America,Economy,84,35112,11543
2023-03-01,QA1010,DOH–JFK,North America,Business,144,282816,82617
2023-11-01,QA1018,DOH–CDG,Europe,Economy,87,45153,11972
2023-11-01,QA1018,DOH–CDG,Europe,Business,259,656306,163977
2022-12-01,QA1013,DOH–DEL,Asia,Economy,151,89543,35004
2022-12-01,QA1013,DOH–DEL,Asia,Business,240,443520,108857
2023-08-01,QA1005,DOH–NBO,Africa,Economy,194,99134,38403
2023-08-01,QA1005,DOH–NBO,Africa,Business,252,622188,132086
2022-06-01,QA1004,DOH–LHR,Europe,Economy,59,29382,10136
2022-06-01,QA1004,DOH–LHR,Europe,Business,222,338994,131383
2024-09-01,QA1003,DOH–CDG,Europe,Economy,71,37772,13136
2024-09-01,QA1003,DOH–CDG,Europe,Business,279,341775,78526
2022-06-01,QA1015,DOH–DEL,Asia,Economy,88,46200,11893
2022-06-01,QA1015,DOH–DEL,Asia,Business,128,330112,81196
2022-09-01,QA1009,DOH–CAI,Africa,Economy,266,159600,54002
2022-09-01,QA1009,DOH–CAI,Africa,Business,276,823860,175840
2024-03-01,QA1001,DOH–JFK,North America,Economy,104,42120,15496
2024-03-01,QA1001,DOH–JFK,North America,Business,67,68340,19069
2022-06-01,QA1015,DOH–LHR,Europe,Economy,292,131400,34707
2022-06-01,QA1015,DOH–LHR,Europe,Business,255,721395,211566
2024-12-01,QA1005,DOH–RUH,Middle East,Economy,272,124576,39260
2024-12-01,QA1005,DOH–RUH,Middle East,Business,141,420180,118581
2023-04-01,QA1007,DOH–BKK,Asia,Economy,171,96957,30385
2023-04-01,QA1007,DOH–BKK,Asia,Business,193,547927,134704
2021-05-01,QA1012,DOH–CDG,Europe,Economy,82,34850,10433
2021-05-01,QA1012,DOH–CDG,Europe,Business,99,145728,52548
2023-10-01,QA1006,DOH–LHR,Europe,Economy,179,82877,24348
2023-10-01,QA1006,DOH–LHR,Europe,Business,125,206625,56158
2023-01-01,QA1005,DOH–BKK,Asia,Economy,129,68370,26316
2023-01-01,QA1005,DOH–BKK,Asia,Business,187,412896,132608
2023-01-01,QA1010,DOH–JFK,North America,Economy,166,93624,31622
2023-01-01,QA1010,DOH–JFK,North America,Business,177,455775,134637
2022-09-01,QA1010,DOH–CAI,Africa,Economy,228,113088,36170
2022-09-01,QA1010,DOH–CAI,Africa,Business,161,198996,58396
2024-07-01,QA1009,DOH–CDG,Europe,Economy,95,39140,10819
2024-07-01,QA1009,DOH–CDG,Europe,Business,257,767916,285392
2021-08-01,QA1016,DOH–ORD,North America,Economy,235,96585,26462
2021-08-01,QA1016,DOH–ORD,North America,Business,212,620524,159659
2022-04-01,QA1019,DOH–BOM,Asia,Economy,124,54932,14928
2022-04-01,QA1019,DOH–BOM,Asia,Business,77,99792,35091
2021-02-01,QA1015,DOH–RUH,Middle East,Economy,218,98754,35753
2021-02-01,QA1015,DOH–RUH,Middle East,Business,126,206136,50315
2024-09-01,QA1006,DOH–NBO,Africa,Economy,257,125416,35297
2024-09-01,QA1006,DOH–NBO,Africa,Business,51,132804,34546
2024-01-01,QA1017,DOH–BOM,Asia,Economy,238,138040,41066
2024-01-01,QA1017,DOH–BOM,Asia,Business,296,373552,91405
2023-08-01,QA1013,DOH–DXB,Middle East,Economy,73,32850,12982
2023-08-01,QA1013,DOH–DXB,Middle East,Business,247,675792,196035
2024-10-01,QA1020,DOH–CAI,Africa,Economy,153,61200,20994
2024-10-01,QA1020,DOH–CAI,Africa,Business,253,481965,187632
2024-06-01,QA1009,DOH–BKK,Asia,Economy,97,52380,12103
2024-06-01,QA1009,DOH–BKK,Asia,Business,167,296592,62553
2021-06-01,QA1013,DOH–LHR,Europe,Economy,77,37884,14057
2021-06-01,QA1013,DOH–LHR,Europe,Business,209,404415,115558
2021-01-01,QA1018,DOH–LHR,Europe,Economy,153,89352,20018
2021-01-01,QA1018,DOH–LHR,Europe,Business,204,278664,93081
2024-10-01,QA1001,DOH–NBO,Africa,Economy,167,75150,28658
2024-10-01,QA1001,DOH–NBO,Africa,Business,78,94224,35625
2024-04-01,QA1003,DOH–DXB,Middle East,Economy,140,71120,20619
2024-04-01,QA1003,DOH–DXB,Middle East,Business,211,303207,70019
2022-01-01,QA1011,DOH–CDG,Europe,Economy,111,55500,11709
2022-01-01,QA1011,DOH–CDG,Europe,Business,178,453010,126180
2024-03-01,QA1015,DOH–BKK,Asia,Economy,285,159600,33876
2024-03-01,QA1015,DOH–BKK,Asia,Business,239,371645,139710
2021-09-01,QA1013,DOH–CAI,Africa,Economy,296,154512,60792
2021-09-01,QA1013,DOH–CAI,Africa,Business,102,243882,61034
2024-05-01,QA1018,DOH–ORD,North America,Economy,182,90636,30816
2024-05-01,QA1018,DOH–ORD,North America,Business,294,743232,217902
2023-06-01,QA1010,DOH–BOM,Asia,Economy,298,174032,53353
2023-06-01,QA1010,DOH–BOM,Asia,Business,251,371480,84666
2024-05-01,QA1004,DOH–ORD,North America,Economy,191,83849,31307
2024-05-01,QA1004,DOH–ORD,North America,Business,123,170847,62294
2024-07-01,QA1011,DOH–DXB,Middle East,Economy,248,116312,36104
2024-07-01,QA1011,DOH–DXB,Middle East,Business,231,582582,222259
2024-07-01,QA1014,DOH–CDG,Europe,Economy,132,74580,21394
2024-07-01,QA1014,DOH–CDG,Europe,Business,203,564746,156861
2022-04-01,QA1012,DOH–BOM,Asia,Economy,172,79980,31541
2022-04-01,QA1012,DOH–BOM,Asia,Business,78,94926,21857
2021-01-01,QA1012,DOH–NBO,Africa,Economy,298,150192,40180
2021-01-01,QA1012,DOH–NBO,Africa,Business,275,676775,181813
2022-03-01,QA1019,DOH–DXB,Middle East,Economy,56,27608,9944
2022-03-01,QA1019,DOH–DXB,Middle East,Business,103,233192,77795
2024-08-01,QA1001,DOH–ORD,North America,Economy,133,67032,16107
2024-08-01,QA1001,DOH–ORD,North America,Business,218,263780,94228
2021-07-01,QA1019,DOH–DEL,Asia,Economy,127,65278,21935
2021-07-01,QA1019,DOH–DEL,Asia,Business,244,524112,201506
2021-08-01,QA1016,DOH–CAI,Africa,Economy,83,40421,12686
2021-08-01,QA1016,DOH–CAI,Africa,Business,90,132750,52409
2023-07-01,QA1011,DOH–CDG,Europe,Economy,164,82984,20031
2023-07-01,QA1011,DOH–CDG,Europe,Business,248,318432,66551
2021-07-01,QA1004,DOH–ORD,North America,Economy,298,151682,47448
2021-07-01,QA1004,DOH–ORD,North America,Business,207,500733,192978
2024-04-01,QA1020,DOH–DEL,Asia,Economy,134,77854,16830
2024-04-01,QA1020,DOH–DEL,Asia,Business,213,552735,155706
2022-07-01,QA1016,DOH–ORD,North America,Economy,219,131400,45755
2022-07-01,QA1016,DOH–ORD,North America,Business,289,441303,127029
2024-03-01,QA1017,DOH–CDG,Europe,Economy,298,173734,55838
2024-03-01,QA1017,DOH–CDG,Europe,Business,186,319176,94130
2023-05-01,QA1020,DOH–DEL,Asia,Economy,229,114958,40908
2023-05-01,QA1020,DOH–DEL,Asia,Business,273,605241,139821
2023-08-01,QA1008,DOH–JFK,North America,Economy,274,132890,32845
2023-08-01,QA1008,DOH–JFK,North America,Business,96,242400,74629
2022-04-01,QA1008,DOH–CAI,Africa,Economy,200,106400,25104
2022-04-01,QA1008,DOH–CAI,Africa,Business,218,317408,110556
2023-08-01,QA1008,DOH–CDG,Europe,Economy,275,138325,47132
2023-08-01,QA1008,DOH–CDG,Europe,Business,217,326802,130512
2021-09-01,QA1018,DOH–CDG,Europe,Economy,110,55000,14349
2021-09-01,QA1018,DOH–CDG,Europe,Business,56,100184,39663
2022-08-01,QA1017,DOH–ORD,North America,Economy,249,147657,53646
2022-08-01,QA1017,DOH–ORD,North America,Business,78,167544,57689
2021-01-01,QA1013,DOH–LHR,Europe,Economy,61,31110,7501
2021-01-01,QA1013,DOH–LHR,Europe,Business,253,651222,229939
2024-12-01,QA1003,DOH–JFK,North America,Economy,298,140954,43774
2024-12-01,QA1003,DOH–JFK,North America,Business,129,355653,106083
2021-02-01,QA1017,DOH–BKK,Asia,Economy,81,43740,10925
2021-02-01,QA1017,DOH–BKK,Asia,Business,162,320274,107353
2021-03-01,QA1010,DOH–CAI,Africa,Economy,260,116480,26158
2021-03-01,QA1010,DOH–CAI,Africa,Business,283,296018,105984
2022-12-01,QA1004,DOH–BKK,Asia,Economy,139,58797,23000
2022-12-01,QA1004,DOH–BKK,Asia,Business,99,134046,36826
2023-01-01,QA1001,DOH–BKK,Asia,Economy,220,114180,28762
2023-01-01,QA1001,DOH–BKK,Asia,Business,271,517339,184702
2023-11-01,QA1012,DOH–CAI,Africa,Economy,71,32589,8523
2023-11-01,QA1012,DOH–CAI,Africa,Business,253,300564,108979
2023-02-01,QA1003,DOH–NBO,Africa,Economy,119,54383,18431
2023-02-01,QA1003,DOH–NBO,Africa,Business,212,516008,176780
2024-11-01,QA1001,DOH–NBO,Africa,Economy,135,74655,16499
2024-11-01,QA1001,DOH–NBO,Africa,Business,204,485316,188156
2024-01-01,QA1013,DOH–NBO,Africa,Economy,84,47628,10871
2024-01-01,QA1013,DOH–NBO,Africa,Business,145,408610,112136
2021-12-01,QA1011,DOH–JFK,North America,Economy,271,134687,32039
2021-12-01,QA1011,DOH–JFK,North America,Business,294,443940,142447
2023-10-01,QA1011,DOH–NBO,Africa,Economy,280,127960,30292
2023-10-01,QA1011,DOH–NBO,Africa,Business,298,678248,221077
2022-11-01,QA1017,DOH–ORD,North America,Economy,113,50285,10841
2022-11-01,QA1017,DOH–ORD,North America,Business,50,110850,36055
2024-04-01,QA1019,DOH–ORD,North America,Economy,112,58688,20509
2024-04-01,QA1019,DOH–ORD,North America,Business,87,244383,68620
2021-09-01,QA1013,DOH–RUH,Middle East,Economy,145,84100,20353
2021-09-01,QA1013,DOH–RUH,Middle East,Business,203,398489,85363
2021-05-01,QA1006,DOH–CAI,Africa,Economy,91,46865,10762
2021-05-01,QA1006,DOH–CAI,Africa,Business,88,98912,28424
2022-02-01,QA1012,DOH–DEL,Asia,Economy,62,26908,5719
2022-02-01,QA1012,DOH–DEL,Asia,Business,290,562310,112892
2021-02-01,QA1008,DOH–CDG,Europe,Economy,55,24530,5210
2021-02-01,QA1008,DOH–CDG,Europe,Business,246,396306,132971
2022-09-01,QA1004,DOH–CDG,Europe,Economy,243,130977,47660
2022-09-01,QA1004,DOH–CDG,Europe,Business,228,442548,139233
2023-01-01,QA1006,DOH–DXB,Middle East,Economy,91,52507,11372
2023-01-01,QA1006,DOH–DXB,Middle East,Business,278,363624,92870
2024-07-01,QA1020,DOH–NBO,Africa,Economy,133,73549,22757
2024-07-01,QA1020,DOH–NBO,Africa,Business,145,309575,106889
2023-04-01,QA1009,DOH–JFK,North America,Economy,208,87568,34048
2023-04-01,QA1009,DOH–JFK,North America,Business,126,255276,51191
2022-08-01,QA1017,DOH–JFK,North America,Economy,188,106972,41822
2022-08-01,QA1017,DOH–JFK,North America,Business,217,269731,59409
2024-12-01,QA1020,DOH–BKK,Asia,Economy,287,116522,41713
2024-12-01,QA1020,DOH–BKK,Asia,Business,68,98056,36423
2024-04-01,QA1020,DOH–JFK,North America,Economy,270,126900,33842
2024-04-01,QA1020,DOH–JFK,North America,Business,209,377663,118055
2021-07-01,QA1019,DOH–DXB,Middle East,Economy,258,115584,25147
2021-07-01,QA1019,DOH–DXB,Middle East,Business,57,99522,34746
2024-04-01,QA1012,DOH–CDG,Europe,Economy,298,131418,48975
2024-04-01,QA1012,DOH–CDG,Europe,Business,144,329184,79111
2022-01-01,QA1017,DOH–RUH,Middle East,Economy,245,144060,49330
2022-01-01,QA1017,DOH–RUH,Middle East,Business,276,820824,222950
2024-08-01,QA1017,DOH–BKK,Asia,Economy,275,153450,50955
2024-08-01,QA1017,DOH–BKK,Asia,Business,121,287133,74273
2021-06-01,QA1020,DOH–DXB,Middle East,Economy,258,146286,48692
2021-06-01,QA1020,DOH–DXB,Middle East,Business,240,531120,133336
2024-02-01,QA1014,DOH–BKK,Asia,Economy,295,162840,37998
2024-02-01,QA1014,DOH–BKK,Asia,Business,99,185427,40523
2024-03-01,QA1018,DOH–LHR,Europe,Economy,166,72044,23051
2024-03-01,QA1018,DOH–LHR,Europe,Business,166,285188,69259
2022-01-01,QA1016,DOH–DEL,Asia,Economy,228,126084,47762
2022-01-01,QA1016,DOH–DEL,Asia,Business,176,224048,71729
2024-09-01,QA1013,DOH–BKK,Asia,Economy,152,68400,18215
2024-09-01,QA1013,DOH–BKK,Asia,Business,189,362502,101128
2024-05-01,QA1016,DOH–CDG,Europe,Economy,221,91052,20445
2024-05-01,QA1016,DOH–CDG,Europe,Business,288,340416,89125
2023-01-01,QA1017,DOH–NBO,Africa,Economy,143,58344,22090
2023-01-01,QA1017,DOH–NBO,Africa,Business,97,144239,37780
2024-12-01,QA1014,DOH–BKK,Asia,Economy,281,137409,35339
2024-12-01,QA1014,DOH–BKK,Asia,Business,229,403956,137919
2021-09-01,QA1019,DOH–RUH,Middle East,Economy,150,89550,35368
2021-09-01,QA1019,DOH–RUH,Middle East,Business,73,172864,64185
2022-09-01,QA1008,DOH–RUH,Middle East,Economy,163,90791,20987
2022-09-01,QA1008,DOH–RUH,Middle East,Business,77,150073,55889
2021-03-01,QA1016,DOH–DXB,Middle East,Economy,74,43512,12807
2021-03-01,QA1016,DOH–DXB,Middle East,Business,167,401468,91501
2022-05-01,QA1018,DOH–NBO,Africa,Economy,244,97600,24396
2022-05-01,QA1018,DOH–NBO,Africa,Business,87,197925,77287
2024-10-01,QA1011,DOH–DEL,Asia,Economy,282,136770,35525
2024-10-01,QA1011,DOH–DEL,Asia,Business,60,69840,23777
2021-04-01,QA1010,DOH–BOM,Asia,Economy,217,88536,32537
2021-04-01,QA1010,DOH–BOM,Asia,Business,196,276164,82747
2023-02-01,QA1002,DOH–CAI,Africa,Economy,137,63842,23876
2023-02-01,QA1002,DOH–CAI,Africa,Business,113,184416,58050
2022-04-01,QA1006,DOH–BKK,Asia,Economy,285,145065,35403
2022-04-01,QA1006,DOH–BKK,Asia,Business,167,360553,108508
2021-06-01,QA1006,DOH–NBO,Africa,Economy,100,58500,19928
2021-06-01,QA1006,DOH–NBO,Africa,Business,219,571809,228621
2021-01-01,QA1002,DOH–JFK,North America,Economy,211,103390,37087
2021-01-01,QA1002,DOH–JFK,North America,Business,159,357114,104657
2023-06-01,QA1007,DOH–BOM,Asia,Economy,87,41760,9244
2023-06-01,QA1007,DOH–BOM,Asia,Business,258,733494,270464
2022-10-01,QA1020,DOH–CDG,Europe,Economy,126,75222,23110
2022-10-01,QA1020,DOH–CDG,Europe,Business,252,542052,123421
2021-09-01,QA1002,DOH–CAI,Africa,Economy,157,71121,20568
2021-09-01,QA1002,DOH–CAI,Africa,Business,50,131550,30382
2023-11-01,QA1013,DOH–BKK,Asia,Economy,91,37037,14636
2023-11-01,QA1013,DOH–BKK,Asia,Business,261,716967,259672
2024-06-01,QA1003,DOH–LHR,Europe,Economy,75,31950,8323
2024-06-01,QA1003,DOH–LHR,Europe,Business,136,257040,90314
2022-02-01,QA1013,DOH–NBO,Africa,Economy,164,96924,31601
2022-02-01,QA1013,DOH–NBO,Africa,Business,256,489728,99881
2021-12-01,QA1003,DOH–JFK,North America,Economy,210,117810,42758
2021-12-01,QA1003,DOH–JFK,North America,Business,236,646876,165856
2022-01-01,QA1005,DOH–RUH,Middle East,Economy,257,102800,27361
2022-01-01,QA1005,DOH–RUH,Middle East,Business,103,103309,23096
2024-02-01,QA1004,DOH–DEL,Asia,Economy,205,118080,41697
2024-02-01,QA1004,DOH–DEL,Asia,Business,246,731112,185219
2024-12-01,QA1013,DOH–BKK,Asia,Economy,94,38352,13372
2024-12-01,QA1013,DOH–BKK,Asia,Business,224,411936,128647
2021-10-01,QA1010,DOH–DXB,Middle East,Economy,122,51118,19978
2021-10-01,QA1010,DOH–DXB,Middle East,Business,281,484444,153902
2023-12-01,QA1012,DOH–RUH,Middle East,Economy,64,30592,9795
2023-12-01,QA1012,DOH–RUH,Middle East,Business,125,159750,50708
2022-09-01,QA1016,DOH–JFK,North America,Economy,142,69296,15121
2022-09-01,QA1016,DOH–JFK,North America,Business,220,383460,106946
2021-08-01,QA1010,DOH–NBO,Africa,Economy,182,103740,30658
2021-08-01,QA1010,DOH–NBO,Africa,Business,299,383019,84009
2023-10-01,QA1012,DOH–LHR,Europe,Economy,158,79632,16431
2023-10-01,QA1012,DOH–LHR,Europe,Business,158,432288,125892
2021-07-01,QA1019,DOH–DEL,Asia,Economy,116,66700,16743
2021-07-01,QA1019,DOH–DEL,Asia,Business,95,246145,75629
2021-08-01,QA1015,DOH–RUH,Middle East,Economy,162,96876,23071
2021-08-01,QA1015,DOH–RUH,Middle East,Business,250,357750,89802
2022-04-01,QA1013,DOH–RUH,Middle East,Economy,92,46276,15334
2022-04-01,QA1013,DOH–RUH,Middle East,Business,177,451881,112167
2024-08-01,QA1005,DOH–CDG,Europe,Economy,173,79407,28094
2024-08-01,QA1005,DOH–CDG,Europe,Business,253,619091,156604
2024-09-01,QA1012,DOH–DXB,Middle East,Economy,254,136652,29584
2024-09-01,QA1012,DOH–DXB,Middle East,Business,270,423090,131587
2021-04-01,QA1005,DOH–DEL,Asia,Economy,210,103320,35574
2021-04-01,QA1005,DOH–DEL,Asia,Business,82,213200,72802
2022-04-01,QA1003,DOH–RUH,Middle East,Economy,83,35690,14103
2022-04-01,QA1003,DOH–RUH,Middle East,Business,257,362884,129540
2021-07-01,QA1012,DOH–DXB,Middle East,Economy,52,23244,5096
2021-07-01,QA1012,DOH–DXB,Middle East,Business,230,604210,172230
2024-10-01,QA1001,DOH–BOM,Asia,Economy,251,131273,46315
2024-10-01,QA1001,DOH–BOM,Asia,Business,247,357409,75568
2022-05-01,QA1002,DOH–JFK,North America,Economy,176,89056,32580
2022-05-01,QA1002,DOH–JFK,North America,Business,252,342468,116400
2021-06-01,QA1002,DOH–DXB,Middle East,Economy,270,158220,45378
2021-06-01,QA1002,DOH–DXB,Middle East,Business,150,155850,58423
2022-01-01,QA1011,DOH–NBO,Africa,Economy,252,144648,55244
2022-01-01,QA1011,DOH–NBO,Africa,Business,194,492372,117351
2021-03-01,QA1002,DOH–RUH,Middle East,Economy,180,106740,38313
2021-03-01,QA1002,DOH–RUH,Middle East,Business,163,234068,73881
2023-10-01,QA1016,DOH–NBO,Africa,Economy,120,60120,12176
2023-10-01,QA1016,DOH–NBO,Africa,Business,189,481383,181257
2022-09-01,QA1017,DOH–DEL,Asia,Economy,106,46216,12929
2022-09-01,QA1017,DOH–DEL,Asia,Business,192,461760,184333
2021-06-01,QA1013,DOH–NBO,Africa,Economy,143,61633,22290
2021-06-01,QA1013,DOH–NBO,Africa,Business,266,346066,131444
2023-03-01,QA1019,DOH–BKK,Asia,Economy,129,63984,21561
2023-03-01,QA1019,DOH–BKK,Asia,Business,165,256905,74566
2024-10-01,QA1009,DOH–RUH,Middle East,Economy,66,30426,6422
2024-10-01,QA1009,DOH–RUH,Middle East,Business,161,225561,75523
2024-06-01,QA1003,DOH–BKK,Asia,Economy,82,44116,16426
2024-06-01,QA1003,DOH–BKK,Asia,Business,201,532851,171655
2021-09-01,QA1019,DOH–DXB,Middle East,Economy,100,59500,21366
2021-09-01,QA1019,DOH–DXB,Middle East,Business,200,485000,97215
2023-04-01,QA1018,DOH–CDG,Europe,Economy,286,130130,48561
2023-04-01,QA1018,DOH–CDG,Europe,Business,66,156948,51141
2023-10-01,QA1006,DOH–BKK,Asia,Economy,87,49068,15650
2023-10-01,QA1006,DOH–BKK,Asia,Business,285,708510,252366
2024-05-01,QA1004,DOH–CAI,Africa,Economy,114,55632,18239
2024-05-01,QA1004,DOH–CAI,Africa,Business,187,416075,151060
2021-07-01,QA1018,DOH–NBO,Africa,Economy,240,137040,38542
2021-07-01,QA1018,DOH–NBO,Africa,Business,135,214650,63373
2022-03-01,QA1017,DOH–DXB,Middle East,Economy,202,109686,40767
2022-03-01,QA1017,DOH–DXB,Middle East,Business,65,92235,35502
2023-11-01,QA1019,DOH–CAI,Africa,Economy,263,129922,46772
2023-11-01,QA1019,DOH–CAI,Africa,Business,194,241724,84947
2024-02-01,QA1020,DOH–ORD,North America,Economy,221,113373,28119
2024-02-01,QA1020,DOH–ORD,North America,Business,290,686720,178955
2021-01-01,QA1006,DOH–RUH,Middle East,Economy,139,64496,21039
2021-01-01,QA1006,DOH–RUH,Middle East,Business,77,219296,62117
2024-08-01,QA1012,DOH–DEL,Asia,Economy,77,43736,11489
2024-08-01,QA1012,DOH–DEL,Asia,Business,209,550924,140755
2022-02-01,QA1009,DOH–BKK,Asia,Economy,115,53820,15852
2022-02-01,QA1009,DOH–BKK,Asia,Business,201,471345,136867
2022-07-01,QA1012,DOH–BOM,Asia,Economy,133,62510,21773
2022-07-01,QA1012,DOH–BOM,Asia,Business,95,277685,57095
2024-12-01,QA1015,DOH–NBO,Africa,Economy,182,99918,33458
2024-12-01,QA1015,DOH–NBO,Africa,Business,105,284340,113316
2023-03-01,QA1018,DOH–BOM,Asia,Economy,274,159468,45775
2023-03-01,QA1018,DOH–BOM,Asia,Business,167,200066,69309
2023-11-01,QA1010,DOH–BKK,Asia,Economy,206,89198,34229
2023-11-01,QA1010,DOH–BKK,Asia,Business,111,327228,124593
2021-08-01,QA1009,DOH–BOM,Asia,Economy,196,113092,34340
2021-08-01,QA1009,DOH–BOM,Asia,Business,245,435610,122629
2021-07-01,QA1002,DOH–JFK,North America,Economy,143,78078,26194
2021-07-01,QA1002,DOH–JFK,North America,Business,169,455455,123307
2024-07-01,QA1005,DOH–CAI,Africa,Economy,90,52380,13765
2024-07-01,QA1005,DOH–CAI,Africa,Business,57,83391,28745
2024-09-01,QA1004,DOH–BOM,Asia,Economy,96,48864,17770
2024-09-01,QA1004,DOH–BOM,Asia,Business,50,81000,27047
2021-05-01,QA1008,DOH–CDG,Europe,Economy,167,72979,24965
2021-05-01,QA1008,DOH–CDG,Europe,Business,276,373428,86720
2023-09-01,QA1008,DOH–BKK,Asia,Economy,151,76557,18956
2023-09-01,QA1008,DOH–BKK,Asia,Business,149,401555,159877
2021-06-01,QA1014,DOH–CAI,Africa,Economy,102,42942,12924
2021-06-01,QA1014,DOH–CAI,Africa,Business,288,856224,331816
2021-09-01,QA1010,DOH–ORD,North America,Economy,218,120990,36852
2021-09-01,QA1010,DOH–ORD,North America,Business,139,304966,97912
2021-08-01,QA1015,DOH–DXB,Middle East,Economy,195,88920,31991
2021-08-01,QA1015,DOH–DXB,Middle East,Business,63,82908,20405
2023-06-01,QA1002,DOH–CAI,Africa,Economy,147,83349,29868
2023-06-01,QA1002,DOH–CAI,Africa,Business,197,207047,65799
2023-11-01,QA1005,DOH–JFK,North America,Economy,252,124236,29391
2023-11-01,QA1005,DOH–JFK,North America,Business,262,338242,85857
2021-12-01,QA1018,DOH–NBO,Africa,Economy,63,25515,9996
2021-12-01,QA1018,DOH–NBO,Africa,Business,149,218881,79801
2023-12-01,QA1003,DOH–LHR,Europe,Economy,272,159120,42587
2023-12-01,QA1003,DOH–LHR,Europe,Business,71,164223,58034
2023-03-01,QA1006,DOH–RUH,Middle East,Economy,75,37425,12457
2023-03-01,QA1006,DOH–RUH,Middle East,Business,117,167544,41145
2024-04-01,QA1018,DOH–NBO,Africa,Economy,224,104160,28090
2024-04-01,QA1018,DOH–NBO,Africa,Business,148,210456,62548
2021-02-01,QA1011,DOH–CDG,Europe,Economy,286,129558,36950
2021-02-01,QA1011,DOH–CDG,Europe,Business,153,355266,125927
2022-01-01,QA1012,DOH–ORD,North America,Economy,81,38637,12873
2022-01-01,QA1012,DOH–ORD,North America,Business,132,277068,94333
2021-07-01,QA1001,DOH–BKK,Asia,Economy,102,41412,12374
2021-07-01,QA1001,DOH–BKK,Asia,Business,128,239872,59927
2024-11-01,QA1017,DOH–BOM,Asia,Economy,218,107692,33908
2024-11-01,QA1017,DOH–BOM,Asia,Business,280,622440,198808
2024-01-01,QA1008,DOH–CAI,Africa,Economy,212,94552,23879
2024-01-01,QA1008,DOH–CAI,Africa,Business,165,208065,51572
2021-07-01,QA1020,DOH–CDG,Europe,Economy,250,115000,24261
2021-07-01,QA1020,DOH–CDG,Europe,Business,242,423984,97174
2022-06-01,QA1003,DOH–LHR,Europe,Economy,134,79194,25267
2022-06-01,QA1003,DOH–LHR,Europe,Business,82,135792,43068
2021-12-01,QA1010,DOH–CDG,Europe,Economy,240,132000,45967
2021-12-01,QA1010,DOH–CDG,Europe,Business,159,430095,168985
2024-10-01,QA1015,DOH–CAI,Africa,Economy,239,110418,27013
2024-10-01,QA1015,DOH–CAI,Africa,Business,272,602752,142154
2023-01-01,QA1012,DOH–DEL,Asia,Economy,101,52621,15439
2023-01-01,QA1012,DOH–DEL,Asia,Business,216,428544,145671
2023-07-01,QA1011,DOH–CAI,Africa,Economy,263,138075,37355
2023-07-01,QA1011,DOH–CAI,Africa,Business,285,394155,90015
2022-12-01,QA1012,DOH–RUH,Middle East,Economy,137,80145,24846
2022-12-01,QA1012,DOH–RUH,Middle East,Business,209,591261,181644
2023-12-01,QA1007,DOH–BKK,Asia,Economy,120,49080,18451
2023-12-01,QA1007,DOH–BKK,Asia,Business,86,167356,40464
2022-12-01,QA1014,DOH–CAI,Africa,Economy,294,159054,34914
2022-12-01,QA1014,DOH–CAI,Africa,Business,243,550881,158394
2023-11-01,QA1007,DOH–BKK,Asia,Economy,289,159239,49505
2023-11-01,QA1007,DOH–BKK,Asia,Business,76,138244,36855
2022-06-01,QA1007,DOH–JFK,North America,Economy,73,31025,10346
2022-06-01,QA1007,DOH–JFK,North America,Business,73,170674,51003
2022-12-01,QA1008,DOH–JFK,North America,Economy,139,64218,22943
2022-12-01,QA1008,DOH–JFK,North America,Business,192,467712,166730
2024-07-01,QA1003,DOH–NBO,Africa,Economy,248,114576,35338
2024-07-01,QA1003,DOH–NBO,Africa,Business,144,411120,106543
2023-06-01,QA1011,DOH–DXB,Middle East,Economy,269,121857,43768
2023-06-01,QA1011,DOH–DXB,Middle East,Business,193,291816,112995
2024-06-01,QA1011,DOH–BOM,Asia,Economy,281,162137,64737
2024-06-01,QA1011,DOH–BOM,Asia,Business,262,609936,161229
2021-03-01,QA1018,DOH–NBO,Africa,Economy,140,73080,19362
2021-03-01,QA1018,DOH–NBO,Africa,Business,283,802305,227856
2024-08-01,QA1003,DOH–JFK,North America,Economy,97,43941,9839
2024-08-01,QA1003,DOH–JFK,North America,Business,268,750936,175748
2022-06-01,QA1012,DOH–CDG,Europe,Economy,224,134400,33470
2022-06-01,QA1012,DOH–CDG,Europe,Business,86,210700,62899
2021-08-01,QA1012,DOH–BOM,Asia,Economy,172,85312,28435
2021-08-01,QA1012,DOH–BOM,Asia,Business,189,327159,126856
2023-03-01,QA1007,DOH–NBO,Africa,Economy,253,121946,37681
2023-03-01,QA1007,DOH–NBO,Africa,Business,55,58080,19512
2022-12-01,QA1016,DOH–BKK,Asia,Economy,88,35288,13404
2022-12-01,QA1016,DOH–BKK,Asia,Business,141,144948,44802
2023-11-01,QA1007,DOH–DEL,Asia,Economy,228,102144,35175
2023-11-01,QA1007,DOH–DEL,Asia,Business,190,452010,133716
2021-02-01,QA1003,DOH–ORD,North America,Economy,192,99840,26715
2021-02-01,QA1003,DOH–ORD,North America,Business,236,312464,118586
2021-08-01,QA1020,DOH–DXB,Middle East,Economy,213,94359,26661
2021-08-01,QA1020,DOH–DXB,Middle East,Business,298,626396,214916
2024-04-01,QA1016,DOH–DEL,Asia,Economy,173,73179,28116
2024-04-01,QA1016,DOH–DEL,Asia,Business,182,212394,67961
2024-03-01,QA1017,DOH–DXB,Middle East,Economy,79,33338,10843
2024-03-01,QA1017,DOH–DXB,Middle East,Business,283,652598,149893
2024-05-01,QA1020,DOH–DEL,Asia,Economy,191,83085,22889
2024-05-01,QA1020,DOH–DEL,Asia,Business,278,423950,120172
2022-10-01,QA1016,DOH–CAI,Africa,Economy,182,87178,29171
2022-10-01,QA1016,DOH–CAI,Africa,Business,156,353028,96604
2021-08-01,QA1014,DOH–DXB,Middle East,Economy,243,121014,26151
2021-08-01,QA1014,DOH–DXB,Middle East,Business,206,618000,143098
2022-09-01,QA1001,DOH–LHR,Europe,Economy,67,37453,11137
2022-09-01,QA1001,DOH–LHR,Europe,Business,54,79218,31230
2022-11-01,QA1011,DOH–DEL,Asia,Economy,58,34394,12441
2022-11-01,QA1011,DOH–DEL,Asia,Business,223,577793,135394
2024-09-01,QA1009,DOH–DEL,Asia,Economy,75,31200,8331
2024-09-01,QA1009,DOH–DEL,Asia,Business,55,102740,30778
2024-07-01,QA1007,DOH–DXB,Middle East,Economy,285,118845,37339
2024-07-01,QA1007,DOH–DXB,Middle East,Business,119,123046,48394
2023-03-01,QA1005,DOH–ORD,North America,Economy,93,44268,17506
2023-03-01,QA1005,DOH–ORD,North America,Business,277,322705,114759
2021-11-01,QA1017,DOH–BOM,Asia,Economy,83,46314,17864
2021-11-01,QA1017,DOH–BOM,Asia,Business,97,123481,42900
2021-12-01,QA1018,DOH–RUH,Middle East,Economy,125,53375,12749
2021-12-01,QA1018,DOH–RUH,Middle East,Business,141,356730,83955
2024-04-01,QA1020,DOH–CAI,Africa,Economy,201,91254,34846
2024-04-01,QA1020,DOH–CAI,Africa,Business,155,354485,99752
2022-03-01,QA1012,DOH–DEL,Asia,Economy,207,84663,32565
2022-03-01,QA1012,DOH–DEL,Asia,Business,145,350175,131743
2022-01-01,QA1019,DOH–LHR,Europe,Economy,223,119082,25729
2022-01-01,QA1019,DOH–LHR,Europe,Business,100,280300,82482
2023-04-01,QA1004,DOH–BKK,Asia,Economy,175,103425,23825
2023-04-01,QA1004,DOH–BKK,Asia,Business,86,107414,25428
2024-01-01,QA1001,DOH–DXB,Middle East,Economy,97,40643,12916
2024-01-01,QA1001,DOH–DXB,Middle East,Business,137,234407,73398
2023-03-01,QA1010,DOH–CAI,Africa,Economy,296,166056,46819
2023-03-01,QA1010,DOH–CAI,Africa,Business,254,684022,226371
2024-09-01,QA1003,DOH–LHR,Europe,Economy,143,83798,21152
2024-09-01,QA1003,DOH–LHR,Europe,Business,271,336040,99369
2024-09-01,QA1001,DOH–NBO,Africa,Economy,167,69639,17447
2024-09-01,QA1001,DOH–NBO,Africa,Business,75,98400,26493
2024-02-01,QA1004,DOH–DXB,Middle East,Economy,244,107360,34617
2024-02-01,QA1004,DOH–DXB,Middle East,Business,134,371984,87085
2024-05-01,QA1007,DOH–CAI,Africa,Economy,277,155120,33127
2024-05-01,QA1007,DOH–CAI,Africa,Business,76,149492,42704
2024-05-01,QA1011,DOH–BOM,Asia,Economy,173,99302,33439
2024-05-01,QA1011,DOH–BOM,Asia,Business,297,679833,164255
2021-03-01,QA1014,DOH–CDG,Europe,Economy,78,46410,10952
2021-03-01,QA1014,DOH–CDG,Europe,Business,207,426420,144964
2024-10-01,QA1010,DOH–NBO,Africa,Economy,113,53223,21184
2024-10-01,QA1010,DOH–NBO,Africa,Business,117,185679,58803
2024-09-01,QA1010,DOH–CAI,Africa,Economy,209,121429,40303
2024-09-01,QA1010,DOH–CAI,Africa,Business,262,441994,92383
2021-11-01,QA1008,DOH–DEL,Asia,Economy,153,69003,23057
2021-11-01,QA1008,DOH–DEL,Asia,Business,101,173922,61033
2024-09-01,QA1005,DOH–JFK,North America,Economy,148,86432,28570
2024-09-01,QA1005,DOH–JFK,North America,Business,88,146784,40305
2021-05-01,QA1015,DOH–BKK,Asia,Economy,185,91945,29099
2021-05-01,QA1015,DOH–BKK,Asia,Business,87,94830,32473
2022-03-01,QA1017,DOH–RUH,Middle East,Economy,277,118002,31887
2022-03-01,QA1017,DOH–RUH,Middle East,Business,211,218596,57031
2023-12-01,QA1013,DOH–RUH,Middle East,Economy,111,55944,19392
2023-12-01,QA1013,DOH–RUH,Middle East,Business,183,325374,85074
2022-07-01,QA1003,DOH–NBO,Africa,Economy,126,71316,25270
2022-07-01,QA1003,DOH–NBO,Africa,Business,216,272376,102525
2024-05-01,QA1007,DOH–NBO,Africa,Economy,192,87936,30713
2024-05-01,QA1007,DOH–NBO,Africa,Business,280,344400,114666
2023-08-01,QA1004,DOH–CDG,Europe,Economy,139,70056,22117
2023-08-01,QA1004,DOH–CDG,Europe,Business,87,129891,48137
2022-03-01,QA1005,DOH–CDG,Europe,Economy,165,84480,30981
2022-03-01,QA1005,DOH–CDG,Europe,Business,71,118854,43258
2024-04-01,QA1001,DOH–NBO,Africa,Economy,181,90138,25343
2024-04-01,QA1001,DOH–NBO,Africa,Business,58,78822,26154
2021-11-01,QA1012,DOH–CAI,Africa,Economy,98,46256,15830
2021-11-01,QA1012,DOH–CAI,Africa,Business,173,409145,103897
2024-08-01,QA1014,DOH–BOM,Asia,Economy,221,121992,42637
2024-08-01,QA1014,DOH–BOM,Asia,Business,243,712476,213434
2022-01-01,QA1001,DOH–CDG,Europe,Economy,192,112896,29252
2022-01-01,QA1001,DOH–CDG,Europe,Business,102,165036,65996
2023-10-01,QA1002,DOH–NBO,Africa,Economy,180,107640,33590
2023-10-01,QA1002,DOH–NBO,Africa,Business,153,250002,56325
2024-12-01,QA1008,DOH–DEL,Asia,Economy,285,129960,34823
2024-12-01,QA1008,DOH–DEL,Asia,Business,85,215475,64865
2023-03-01,QA1009,DOH–DXB,Middle East,Economy,118,52628,14841
2023-03-01,QA1009,DOH–DXB,Middle East,Business,267,367125,110382
2023-07-01,QA1011,DOH–DXB,Middle East,Economy,62,29140,8429
2023-07-01,QA1011,DOH–DXB,Middle East,Business,207,373014,104525
2023-06-01,QA1006,DOH–BKK,Asia,Economy,257,111795,36891
2023-06-01,QA1006,DOH–BKK,Asia,Business,127,208534,42979
2022-05-01,QA1013,DOH–CAI,Africa,Economy,56,31976,7444
2022-05-01,QA1013,DOH–CAI,Africa,Business,277,746238,251492
2024-02-01,QA1004,DOH–CAI,Africa,Economy,297,136620,45185
2024-02-01,QA1004,DOH–CAI,Africa,Business,280,833840,223466
2022-11-01,QA1011,DOH–BKK,Asia,Economy,263,146754,48050
2022-11-01,QA1011,DOH–BKK,Asia,Business,69,140967,43333
2024-09-01,QA1010,DOH–DXB,Middle East,Economy,211,87354,31380
2024-09-01,QA1010,DOH–DXB,Middle East,Business,145,230695,52505
2023-02-01,QA1008,DOH–ORD,North America,Economy,98,44394,16791
2023-02-01,QA1008,DOH–ORD,North America,Business,136,280160,63545
2021-06-01,QA1009,DOH–DEL,Asia,Economy,227,115770,25120
2021-06-01,QA1009,DOH–DEL,Asia,Business,270,312390,76124
2023-09-01,QA1005,DOH–CDG,Europe,Economy,209,125400,30719
2023-09-01,QA1005,DOH–CDG,Europe,Business,299,614146,165567
2021-05-01,QA1005,DOH–LHR,Europe,Economy,165,87615,25376
2021-05-01,QA1005,DOH–LHR,Europe,Business,65,73840,26229
2021-02-01,QA1006,DOH–JFK,North America,Economy,71,34435,13577
2021-02-01,QA1006,DOH–JFK,North America,Business,209,435556,167454
2024-03-01,QA1001,DOH–BOM,Asia,Economy,185,107855,36837
2024-03-01,QA1001,DOH–BOM,Asia,Business,184,526240,133026
2021-06-01,QA1007,DOH–CDG,Europe,Economy,144,62208,14874
2021-06-01,QA1007,DOH–CDG,Europe,Business,143,237094,48786
2023-12-01,QA1007,DOH–CDG,Europe,Economy,129,65532,25525
2023-12-01,QA1007,DOH–CDG,Europe,Business,58,161472,45360
2022-01-01,QA1013,DOH–LHR,Europe,Economy,215,124700,35267
2022-01-01,QA1013,DOH–LHR,Europe,Business,174,395154,107855
2023-03-01,QA1003,DOH–DXB,Middle East,Economy,288,125568,47398
2023-03-01,QA1003,DOH–DXB,Middle East,Business,56,109368,23931
2024-04-01,QA1003,DOH–RUH,Middle East,Economy,242,98978,20450
2024-04-01,QA1003,DOH–RUH,Middle East,Business,197,495849,170778
2023-02-01,QA1017,DOH–BOM,Asia,Economy,228,93936,33835
2023-02-01,QA1017,DOH–BOM,Asia,Business,152,302784,64367
2022-09-01,QA1019,DOH–JFK,North America,Economy,141,76563,30050
2022-09-01,QA1019,DOH–JFK,North America,Business,283,557227,217086
2021-03-01,QA1018,DOH–CAI,Africa,Economy,70,37170,10458
2021-03-01,QA1018,DOH–CAI,Africa,Business,216,437832,92009
2022-11-01,QA1007,DOH–DXB,Middle East,Economy,216,101736,20402
2022-11-01,QA1007,DOH–DXB,Middle East,Business,155,297600,70300
2021-07-01,QA1015,DOH–CDG,Europe,Economy,70,40810,15961
2021-07-01,QA1015,DOH–CDG,Europe,Business,279,378045,134729
2024-11-01,QA1001,DOH–CAI,Africa,Economy,189,80136,23285
2024-11-01,QA1001,DOH–CAI,Africa,Business,94,148802,35771
2022-09-01,QA1016,DOH–ORD,North America,Economy,255,103530,32246
2022-09-01,QA1016,DOH–ORD,North America,Business,98,167678,45769
2021-08-01,QA1001,DOH–DEL,Asia,Economy,213,110334,30769
2021-08-01,QA1001,DOH–DEL,Asia,Business,159,252174,74625
2023-11-01,QA1005,DOH–CDG,Europe,Economy,190,111340,23765
2023-11-01,QA1005,DOH–CDG,Europe,Business,287,723814,288941
2022-03-01,QA1002,DOH–ORD,North America,Economy,298,174926,40508
2022-03-01,QA1002,DOH–ORD,North America,Business,157,388575,152616
2024-11-01,QA1019,DOH–LHR,Europe,Economy,146,86432,26050
2024-11-01,QA1019,DOH–LHR,Europe,Business,210,518070,105016
2023-06-01,QA1009,DOH–JFK,North America,Economy,129,55083,16873
2023-06-01,QA1009,DOH–JFK,North America,Business,129,305472,71461
2023-11-01,QA1015,DOH–ORD,North America,Economy,284,164436,51976
2023-11-01,QA1015,DOH–ORD,North America,Business,288,413856,88633
2022-07-01,QA1004,DOH–CAI,Africa,Economy,138,70932,17680
2022-07-01,QA1004,DOH–CAI,Africa,Business,249,738036,204358
2021-05-01,QA1018,DOH–CAI,Africa,Economy,162,91530,35570
2021-05-01,QA1018,DOH–CAI,Africa,Business,117,139815,46518
2023-02-01,QA1012,DOH–NBO,Africa,Economy,56,23800,5681
2023-02-01,QA1012,DOH–NBO,Africa,Business,249,712389,247897
2023-08-01,QA1013,DOH–CAI,Africa,Economy,82,40016,12110
2023-08-01,QA1013,DOH–CAI,Africa,Business,83,140934,53469
2024-12-01,QA1002,DOH–LHR,Europe,Economy,168,67872,19820
2024-12-01,QA1002,DOH–LHR,Europe,Business,119,197540,49074
2021-08-01,QA1006,DOH–CDG,Europe,Economy,51,28866,6605
2021-08-01,QA1006,DOH–CDG,Europe,Business,257,633505,198526
2021-05-01,QA1006,DOH–BOM,Asia,Economy,51,24021,8808
2021-05-01,QA1006,DOH–BOM,Asia,Business,298,475012,131675
2021-08-01,QA1010,DOH–BKK,Asia,Economy,226,124074,27171
2021-08-01,QA1010,DOH–BKK,Asia,Business,110,137390,48825
2022-07-01,QA1001,DOH–LHR,Europe,Economy,211,95794,32926
2022-07-01,QA1001,DOH–LHR,Europe,Business,299,836602,267408
2023-02-01,QA1005,DOH–CDG,Europe,Economy,91,48139,11481
2023-02-01,QA1005,DOH–CDG,Europe,Business,161,348726,73890
2021-01-01,QA1004,DOH–DXB,Middle East,Economy,152,61712,17944
2021-01-01,QA1004,DOH–DXB,Middle East,Business,177,191868,58196
2022-04-01,QA1006,DOH–CDG,Europe,Economy,84,49056,17404
2022-04-01,QA1006,DOH–CDG,Europe,Business,129,148737,41199
2023-04-01,QA1009,DOH–BOM,Asia,Economy,292,129064,45256
2023-04-01,QA1009,DOH–BOM,Asia,Business,257,269850,75002
2022-12-01,QA1020,DOH–RUH,Middle East,Economy,222,130092,30470
2022-12-01,QA1020,DOH–RUH,Middle East,Business,288,337824,105906
2021-10-01,QA1005,DOH–BOM,Asia,Economy,95,44935,15338
2021-10-01,QA1005,DOH–BOM,Asia,Business,209,590007,144341
2022-02-01,QA1013,DOH–CDG,Europe,Economy,185,97865,25689
2022-02-01,QA1013,DOH–CDG,Europe,Business,298,723246,164754
2021-07-01,QA1001,DOH–CAI,Africa,Economy,166,88146,22120
2021-07-01,QA1001,DOH–CAI,Africa,Business,174,520086,106763
2021-02-01,QA1007,DOH–RUH,Middle East,Economy,238,141372,50220
2021-02-01,QA1007,DOH–RUH,Middle East,Business,206,484100,183923
2023-03-01,QA1015,DOH–NBO,Africa,Economy,136,77928,22590
2023-03-01,QA1015,DOH–NBO,Africa,Business,130,355160,122691
2021-05-01,QA1015,DOH–CDG,Europe,Economy,287,118531,33495
2021-05-01,QA1015,DOH–CDG,Europe,Business,57,79971,26122
2021-03-01,QA1014,DOH–BOM,Asia,Economy,287,142065,41724
2021-03-01,QA1014,DOH–BOM,Asia,Business,104,230256,82812
2024-08-01,QA1016,DOH–ORD,North America,Economy,64,32384,12015
2024-08-01,QA1016,DOH–ORD,North America,Business,190,478420,162349
2024-04-01,QA1001,DOH–DEL,Asia,Economy,265,136475,48257
2024-04-01,QA1001,DOH–DEL,Asia,Business,211,622661,241538
2021-05-01,QA1018,DOH–BOM,Asia,Economy,246,136530,37169
2021-05-01,QA1018,DOH–BOM,Asia,Business,261,714096,169998
2022-11-01,QA1020,DOH–LHR,Europe,Economy,104,45656,17878
2022-11-01,QA1020,DOH–LHR,Europe,Business,204,518160,163171
2021-09-01,QA1020,DOH–RUH,Middle East,Economy,73,37741,14622
2021-09-01,QA1020,DOH–RUH,Middle East,Business,283,661088,168505
2021-01-01,QA1010,DOH–BOM,Asia,Economy,149,66901,21538
2021-01-01,QA1010,DOH–BOM,Asia,Business,149,290252,90257
2021-10-01,QA1010,DOH–BOM,Asia,Economy,122,62830,12684
2021-10-01,QA1010,DOH–BOM,Asia,Business,106,256732,89610
2024-12-01,QA1017,DOH–ORD,North America,Economy,107,46438,15861
2024-12-01,QA1017,DOH–ORD,North America,Business,285,837900,302690
2023-02-01,QA1006,DOH–JFK,North America,Economy,233,127451,31381
2023-02-01,QA1006,DOH–JFK,North America,Business,245,338345,77022
2023-03-01,QA1001,DOH–RUH,Middle East,Economy,277,144594,34360
2023-03-01,QA1001,DOH–RUH,Middle East,Business,258,578178,135292
2023-11-01,QA1013,DOH–RUH,Middle East,Economy,138,66654,25441
2023-11-01,QA1013,DOH–RUH,Middle East,Business,106,214968,49506
2021-03-01,QA1009,DOH–BOM,Asia,Economy,190,81700,20691
2021-03-01,QA1009,DOH–BOM,Asia,Business,112,248080,62140
2021-07-01,QA1003,DOH–CDG,Europe,Economy,65,31135,9690
2021-07-01,QA1003,DOH–CDG,Europe,Business,71,164791,37424
2024-09-01,QA1011,DOH–ORD,North America,Economy,159,64395,24127
2024-09-01,QA1011,DOH–ORD,North America,Business,131,338111,68972
2022-02-01,QA1010,DOH–DEL,Asia,Economy,68,40324,13569
2022-02-01,QA1010,DOH–DEL,Asia,Business,51,78030,24701
2023-05-01,QA1020,DOH–BOM,Asia,Economy,169,70135,19328
2023-05-01,QA1020,DOH–BOM,Asia,Business,87,228201,58187
2022-02-01,QA1001,DOH–BKK,Asia,Economy,191,104477,37948
2022-02-01,QA1001,DOH–BKK,Asia,Business,133,389956,83880
2023-11-01,QA1016,DOH–CDG,Europe,Economy,63,29484,10761
2023-11-01,QA1016,DOH–CDG,Europe,Business,198,376200,129925
2023-07-01,QA1012,DOH–LHR,Europe,Economy,206,95378,34460
2023-07-01,QA1012,DOH–LHR,Europe,Business,280,605360,181037
2023-07-01,QA1009,DOH–DEL,Asia,Economy,92,53728,19875
2023-07-01,QA1009,DOH–DEL,Asia,Business,116,133284,35780
2024-06-01,QA1016,DOH–JFK,North America,Economy,103,59019,21657
2024-06-01,QA1016,DOH–JFK,North America,Business,190,222300,88478
2021-12-01,QA1012,DOH–DXB,Middle East,Economy,50,24800,6328
2021-12-01,QA1012,DOH–DXB,Middle East,Business,86,132784,32317
2021-06-01,QA1002,DOH–CDG,Europe,Economy,185,109520,26581
2021-06-01,QA1002,DOH–CDG,Europe,Business,150,176700,52658
2022-06-01,QA1007,DOH–RUH,Middle East,Economy,252,129528,27924
2022-06-01,QA1007,DOH–RUH,Middle East,Business,69,127857,46939
2024-09-01,QA1017,DOH–BKK,Asia,Economy,287,139769,31813
2024-09-01,QA1017,DOH–BKK,Asia,Business,256,337408,90809
2021-03-01,QA1005,DOH–BKK,Asia,Economy,132,69696,22178
2021-03-01,QA1005,DOH–BKK,Asia,Business,86,181288,54238
2022-07-01,QA1020,DOH–ORD,North America,Economy,178,74226,18014
2022-07-01,QA1020,DOH–ORD,North America,Business,292,301636,94254
2021-02-01,QA1016,DOH–BOM,Asia,Economy,287,129724,27747
2021-02-01,QA1016,DOH–BOM,Asia,Business,158,359450,92006
2022-01-01,QA1019,DOH–NBO,Africa,Economy,238,119238,35486
2022-01-01,QA1019,DOH–NBO,Africa,Business,52,122408,30297
2022-11-01,QA1003,DOH–NBO,Africa,Economy,201,98088,26727
2022-11-01,QA1003,DOH–NBO,Africa,Business,207,488520,181889
2023-08-01,QA1018,DOH–RUH,Middle East,Economy,240,109920,38211
2023-08-01,QA1018,DOH–RUH,Middle East,Business,88,242528,54631
2024-05-01,QA1014,DOH–RUH,Middle East,Economy,125,58500,22345
2024-05-01,QA1014,DOH–RUH,Middle East,Business,169,257556,55832
2021-10-01,QA1006,DOH–RUH,Middle East,Economy,269,120512,43224
2021-10-01,QA1006,DOH–RUH,Middle East,Business,136,261528,56992
2023-05-01,QA1020,DOH–DXB,Middle East,Economy,281,121954,28618
2023-05-01,QA1020,DOH–DXB,Middle East,Business,139,346388,88233
2021-08-01,QA1012,DOH–DEL,Asia,Economy,120,64800,23385
2021-08-01,QA1012,DOH–DEL,Asia,Business,165,287430,95345
2021-09-01,QA1013,DOH–ORD,North America,Economy,91,50232,10110
2021-09-01,QA1013,DOH–ORD,North America,Business,142,250914,91730
2021-10-01,QA1004,DOH–RUH,Middle East,Economy,116,65192,19957
2021-10-01,QA1004,DOH–RUH,Middle East,Business,257,411971,131592
2022-09-01,QA1017,DOH–LHR,Europe,Economy,287,162729,62951
2022-09-01,QA1017,DOH–LHR,Europe,Business,114,219336,72288
2024-12-01,QA1004,DOH–CAI,Africa,Economy,183,104859,27734
2024-12-01,QA1004,DOH–CAI,Africa,Business,132,218988,56800
2024-08-01,QA1016,DOH–NBO,Africa,Economy,229,101676,25310
2024-08-01,QA1016,DOH–NBO,Africa,Business,237,323268,107486
2023-02-01,QA1007,DOH–CAI,Africa,Economy,54,31212,8955
2023-02-01,QA1007,DOH–CAI,Africa,Business,51,78744,21905
2021-06-01,QA1015,DOH–JFK,North America,Economy,146,77672,20627
2021-06-01,QA1015,DOH–JFK,North America,Business,289,321368,73352
2021-10-01,QA1001,DOH–CDG,Europe,Economy,252,127764,40867
2021-10-01,QA1001,DOH–CDG,Europe,Business,114,277248,67149
2024-11-01,QA1008,DOH–ORD,North America,Economy,138,79350,20982
2024-11-01,QA1008,DOH–ORD,North America,Business,190,460750,133548
2023-03-01,QA1016,DOH–BOM,Asia,Economy,300,133500,46614
2023-03-01,QA1016,DOH–BOM,Asia,Business,119,254303,91520
2024-11-01,QA1014,DOH–ORD,North America,Economy,165,93225,25962
2024-11-01,QA1014,DOH–ORD,North America,Business,64,178304,53911
2024-12-01,QA1012,DOH–ORD,North America,Economy,253,127006,29044
2024-12-01,QA1012,DOH–ORD,North America,Business,87,125367,25652
2022-03-01,QA1008,DOH–DEL,Asia,Economy,183,95343,19254
2022-03-01,QA1008,DOH–DEL,Asia,Business,186,378510,87963
2024-06-01,QA1010,DOH–NBO,Africa,Economy,270,155520,56202
2024-06-01,QA1010,DOH–NBO,Africa,Business,68,83708,18348
2024-04-01,QA1002,DOH–BOM,Asia,Economy,88,44176,13534
2024-04-01,QA1002,DOH–BOM,Asia,Business,147,364707,145216
2024-02-01,QA1008,DOH–NBO,Africa,Economy,211,109509,38378
2024-02-01,QA1008,DOH–NBO,Africa,Business,81,164673,38974
2024-03-01,QA1012,DOH–DEL,Asia,Economy,220,90640,29217
2024-03-01,QA1012,DOH–DEL,Asia,Business,180,267480,53942
2023-07-01,QA1014,DOH–RUH,Middle East,Economy,156,88140,20961
2023-07-01,QA1014,DOH–RUH,Middle East,Business,57,123006,27198
2024-11-01,QA1009,DOH–BKK,Asia,Economy,144,84816,25715
2024-11-01,QA1009,DOH–BKK,Asia,Business,170,448800,128819
2023-12-01,QA1003,DOH–RUH,Middle East,Economy,246,103320,31424
2023-12-01,QA1003,DOH–RUH,Middle East,Business,249,394416,133263
2024-10-01,QA1020,DOH–ORD,North America,Economy,227,111911,32966
2024-10-01,QA1020,DOH–ORD,North America,Business,261,564021,129930
2021-03-01,QA1020,DOH–DEL,Asia,Economy,149,73159,15181
2021-03-01,QA1020,DOH–DEL,Asia,Business,72,156528,42089
2024-06-01,QA1007,DOH–BKK,Asia,Economy,138,70380,21996
2024-06-01,QA1007,DOH–BKK,Asia,Business,257,689531,210509
2023-04-01,QA1010,DOH–NBO,Africa,Economy,112,54992,19777
2023-04-01,QA1010,DOH–NBO,Africa,Business,146,277546,78859
2022-10-01,QA1011,DOH–JFK,North America,Economy,272,152864,41004
2022-10-01,QA1011,DOH–JFK,North America,Business,67,176009,58786
2023-05-01,QA1018,DOH–LHR,Europe,Economy,75,38325,8025
2023-05-01,QA1018,DOH–LHR,Europe,Business,236,598024,190339
2023-04-01,QA1009,DOH–CAI,Africa,Economy,297,167211,43702
2023-04-01,QA1009,DOH–CAI,Africa,Business,275,347325,120395
2024-05-01,QA1019,DOH–NBO,Africa,Economy,285,160455,37412
2024-05-01,QA1019,DOH–NBO,Africa,Business,92,265604,82562
2021-03-01,QA1006,DOH–BOM,Asia,Economy,244,136884,54127
2021-03-01,QA1006,DOH–BOM,Asia,Business,297,426195,158382
2023-02-01,QA1013,DOH–BKK,Asia,Economy,86,37668,9553
2023-02-01,QA1013,DOH–BKK,Asia,Business,188,386904,129198
2022-12-01,QA1011,DOH–NBO,Africa,Economy,78,40560,13206
2022-12-01,QA1011,DOH–NBO,Africa,Business,288,337536,109449
2022-10-01,QA1010,DOH–JFK,North America,Economy,158,79790,18929
2022-10-01,QA1010,DOH–JFK,North America,Business,90,190350,43772
2022-07-01,QA1011,DOH–CAI,Africa,Economy,190,82840,24644
2022-07-01,QA1011,DOH–CAI,Africa,Business,195,227175,55368
2024-07-01,QA1001,DOH–RUH,Middle East,Economy,71,40541,12171
2024-07-01,QA1001,DOH–RUH,Middle East,Business,99,177309,57946
2021-07-01,QA1010,DOH–ORD,North America,Economy,92,50232,20057
2021-07-01,QA1010,DOH–ORD,North America,Business,141,195003,65325
2024-05-01,QA1009,DOH–DEL,Asia,Economy,79,36893,10346
2024-05-01,QA1009,DOH–DEL,Asia,Business,216,621000,169253
2022-10-01,QA1008,DOH–BOM,Asia,Economy,199,94127,24158
2022-10-01,QA1008,DOH–BOM,Asia,Business,251,303710,120678
2023-09-01,QA1006,DOH–CDG,Europe,Economy,60,28980,7687
2023-09-01,QA1006,DOH–CDG,Europe,Business,280,454440,107519
2021-09-01,QA1003,DOH–CDG,Europe,Economy,163,95355,35233
2021-09-01,QA1003,DOH–CDG,Europe,Business,149,190422,64549
2021-08-01,QA1001,DOH–CAI,Africa,Economy,163,79544,17926
2021-08-01,QA1001,DOH–CAI,Africa,Business,125,342875,84368
2024-09-01,QA1013,DOH–DXB,Middle East,Economy,265,110240,40658
2024-09-01,QA1013,DOH–DXB,Middle East,Business,50,69600,22644
2024-11-01,QA1019,DOH–NBO,Africa,Economy,178,103240,29546
2024-11-01,QA1019,DOH–NBO,Africa,Business,138,391920,130890
2023-03-01,QA1016,DOH–BOM,Asia,Economy,282,159894,51011
2023-03-01,QA1016,DOH–BOM,Asia,Business,169,498043,119055
2021-03-01,QA1011,DOH–JFK,North America,Economy,247,103987,31646
2021-03-01,QA1011,DOH–JFK,North America,Business,99,119394,40457
2023-01-01,QA1002,DOH–DEL,Asia,Economy,57,31977,9190
2023-01-01,QA1002,DOH–DEL,Asia,Business,234,501696,110042
2023-10-01,QA1015,DOH–ORD,North America,Economy,101,59489,22730
2023-10-01,QA1015,DOH–ORD,North America,Business,93,111042,32761
2024-02-01,QA1017,DOH–JFK,North America,Economy,210,96810,24366
2024-02-01,QA1017,DOH–JFK,North America,Business,51,99501,22209
2024-01-01,QA1020,DOH–DEL,Asia,Economy,186,102858,37853
2024-01-01,QA1020,DOH–DEL,Asia,Business,117,318708,68353
2024-11-01,QA1012,DOH–JFK,North America,Economy,180,106020,36756
2024-11-01,QA1012,DOH–JFK,North America,Business,118,288392,83279
2024-07-01,QA1016,DOH–DEL,Asia,Economy,130,66820,18682
2024-07-01,QA1016,DOH–DEL,Asia,Business,280,432600,124000
2021-02-01,QA1008,DOH–JFK,North America,Economy,275,153175,39549
2021-02-01,QA1008,DOH–JFK,North America,Business,161,194327,50380
2024-12-01,QA1013,DOH–LHR,Europe,Economy,102,43248,9166
2024-12-01,QA1013,DOH–LHR,Europe,Business,299,541788,164097
2024-09-01,QA1007,DOH–NBO,Africa,Economy,175,91525,32835
2024-09-01,QA1007,DOH–NBO,Africa,Business,285,552045,192050
2023-07-01,QA1016,DOH–ORD,North America,Economy,132,76032,16519
2023-07-01,QA1016,DOH–ORD,North America,Business,194,491790,149288
2023-12-01,QA1018,DOH–LHR,Europe,Economy,243,107892,28297
2023-12-01,QA1018,DOH–LHR,Europe,Business,295,591475,169729
2024-09-01,QA1006,DOH–CAI,Africa,Economy,261,132327,43500
2024-09-01,QA1006,DOH–CAI,Africa,Business,100,259300,98816
2022-01-01,QA1007,DOH–LHR,Europe,Economy,157,67981,25989
2022-01-01,QA1007,DOH–LHR,Europe,Business,96,172704,61458
2024-06-01,QA1001,DOH–BKK,Asia,Economy,83,33864,8378
2024-06-01,QA1001,DOH–BKK,Asia,Business,186,418314,118671
2021-05-01,QA1020,DOH–CDG,Europe,Economy,229,117248,41699
2021-05-01,QA1020,DOH–CDG,Europe,Business,59,121186,36678
2022-02-01,QA1013,DOH–ORD,North America,Economy,115,64055,13660
2022-02-01,QA1013,DOH–ORD,North America,Business,183,467931,178983
2021-08-01,QA1020,DOH–BKK,Asia,Economy,128,66176,15843
2021-08-01,QA1020,DOH–BKK,Asia,Business,160,278080,55819
2022-01-01,QA1018,DOH–BKK,Asia,Economy,284,155916,55260
2022-01-01,QA1018,DOH–BKK,Asia,Business,297,332343,118281
2023-08-01,QA1002,DOH–NBO,Africa,Economy,243,109593,22050
2023-08-01,QA1002,DOH–NBO,Africa,Business,237,415461,156924
2021-11-01,QA1001,DOH–CAI,Africa,Economy,59,33748,11325
2021-11-01,QA1001,DOH–CAI,Africa,Business,262,571684,145436
2024-03-01,QA1014,DOH–CDG,Europe,Economy,250,147750,33093
2024-03-01,QA1014,DOH–CDG,Europe,Business,172,487448,134404
2023-07-01,QA1005,DOH–BOM,Asia,Economy,125,65250,23488
2023-07-01,QA1005,DOH–BOM,Asia,Business,294,505680,178856
2021-01-01,QA1016,DOH–ORD,North America,Economy,78,36192,13261
2021-01-01,QA1016,DOH–ORD,North America,Business,124,220224,73395
2021-10-01,QA1011,DOH–ORD,North America,Economy,72,39168,8120
2021-10-01,QA1011,DOH–ORD,North America,Business,291,839826,333946
2022-04-01,QA1016,DOH–BKK,Asia,Economy,245,124705,44556
2022-04-01,QA1016,DOH–BKK,Asia,Business,226,476182,112241
2023-02-01,QA1011,DOH–BOM,Asia,Economy,86,46268,11810
2023-02-01,QA1011,DOH–BOM,Asia,Business,89,197402,75041
2024-02-01,QA1017,DOH–NBO,Africa,Economy,52,29432,11715
2024-02-01,QA1017,DOH–NBO,Africa,Business,218,413328,162805
2022-07-01,QA1012,DOH–LHR,Europe,Economy,77,31108,11325
2022-07-01,QA1012,DOH–LHR,Europe,Business,81,229230,85664
2024-12-01,QA1007,DOH–BOM,Asia,Economy,91,41769,15182
2024-12-01,QA1007,DOH–BOM,Asia,Business,79,128296,37276
2023-11-01,QA1005,DOH–NBO,Africa,Economy,133,79534,27332
2023-11-01,QA1005,DOH–NBO,Africa,Business,243,329022,71130
2022-04-01,QA1009,DOH–JFK,North America,Economy,58,33350,10884
2022-04-01,QA1009,DOH–JFK,North America,Business,241,716252,236373
2023-04-01,QA1009,DOH–DEL,Asia,Economy,108,63504,21286
2023-04-01,QA1009,DOH–DEL,Asia,Business,250,648500,235934
2022-05-01,QA1018,DOH–NBO,Africa,Economy,221,90389,19290
2022-05-01,QA1018,DOH–NBO,Africa,Business,176,493152,196785
2022-10-01,QA1006,DOH–NBO,Africa,Economy,290,147610,49255
2022-10-01,QA1006,DOH–NBO,Africa,Business,266,715274,216492
2024-10-01,QA1002,DOH–BKK,Asia,Economy,174,71688,20107
2024-10-01,QA1002,DOH–BKK,Asia,Business,89,178178,56630
2024-04-01,QA1001,DOH–LHR,Europe,Economy,74,38480,9067
2024-04-01,QA1001,DOH–LHR,Europe,Business,101,171700,50602
2024-01-01,QA1003,DOH–DXB,Middle East,Economy,172,74304,16789
2024-01-01,QA1003,DOH–DXB,Middle East,Business,62,135036,31285
2021-06-01,QA1007,DOH–DEL,Asia,Economy,67,32361,11142
2021-06-01,QA1007,DOH–DEL,Asia,Business,102,285702,110075
2022-01-01,QA1018,DOH–BOM,Asia,Economy,161,68264,15349
2022-01-01,QA1018,DOH–BOM,Asia,Business,127,183642,65373
2024-05-01,QA1010,DOH–LHR,Europe,Economy,97,42680,11057
2024-05-01,QA1010,DOH–LHR,Europe,Business,154,440594,172262
2024-08-01,QA1011,DOH–ORD,North America,Economy,156,80496,31565
2024-08-01,QA1011,DOH–ORD,North America,Business,259,571095,164759
2023-01-01,QA1004,DOH–CAI,Africa,Economy,289,171377,45352
2023-01-01,QA1004,DOH–CAI,Africa,Business,61,147620,36371
2021-06-01,QA1018,DOH–BKK,Asia,Economy,183,108702,42661
2021-06-01,QA1018,DOH–BKK,Asia,Business,89,145515,55948
2021-02-01,QA1016,DOH–NBO,Africa,Economy,83,49800,13599
2021-02-01,QA1016,DOH–NBO,Africa,Business,153,270351,75424
2021-06-01,QA1012,DOH–CDG,Europe,Economy,149,81950,24594
2021-06-01,QA1012,DOH–CDG,Europe,Business,65,192530,52460
2024-02-01,QA1008,DOH–ORD,North America,Economy,243,128790,46562
2024-02-01,QA1008,DOH–ORD,North America,Business,206,614910,172868
2023-08-01,QA1016,DOH–LHR,Europe,Economy,288,169632,56723
2023-08-01,QA1016,DOH–LHR,Europe,Business,288,762336,230152
2024-11-01,QA1004,DOH–JFK,North America,Economy,107,50290,15529
2024-11-01,QA1004,DOH–JFK,North America,Business,266,665266,240697
2021-06-01,QA1016,DOH–DEL,Asia,Economy,292,148628,52094
2021-06-01,QA1016,DOH–DEL,Asia,Business,140,144900,34625
